rainfall_mm,forecast_mm,soil_moisture,elevation_m,slope_deg,river_distance_km,temperature_c,river_level,flood
2.0,5.0,0.05,1200.0,12.0,6.0,21.0,0.0,0.0
4.0,8.0,0.08,950.0,18.0,4.0,20.0,0.0,0.0
6.0,10.0,0.12,700.0,20.0,3.0,22.0,0.0,0.0
8.0,12.0,0.16,600.0,24.0,2.5,23.0,1.0,0.0
10.0,15.0,0.18,500.0,22.0,2.0,24.0,1.0,0.0
12.0,18.0,0.2,450.0,25.0,1.8,24.0,1.0,0.0
15.0,22.0,0.24,380.0,28.0,1.5,25.0,1.0,1.0
18.0,28.0,0.28,320.0,30.0,1.2,24.0,2.0,1.0
20.0,35.0,0.32,250.0,35.0,1.0,23.0,2.0,1.0
22.0,40.0,0.35,200.0,38.0,0.8,22.0,2.0,1.0
25.0,45.0,0.38,180.0,40.0,0.6,22.0,2.0,1.0
28.0,50.0,0.42,150.0,42.0,0.5,21.0,3.0,1.0
30.0,55.0,0.45,120.0,45.0,0.4,20.0,3.0,1.0
35.0,60.0,0.48,90.0,48.0,0.3,20.0,3.0,1.0
40.0,70.0,0.52,70.0,50.0,0.2,19.0,3.0,1.0
5.0,8.0,0.1,1100.0,14.0,5.0,22.0,0.0,0.0
7.0,10.0,0.11,900.0,18.0,4.5,23.0,0.0,0.0
11.0,16.0,0.19,550.0,26.0,2.0,24.0,1.0,0.0
16.0,24.0,0.25,360.0,30.0,1.5,23.0,1.0,1.0
24.0,42.0,0.36,210.0,37.0,0.9,21.0,2.0,1.0
32.0,58.0,0.47,100.0,46.0,0.4,20.0,3.0,1.0
45.0,80.0,0.55,60.0,55.0,0.1,19.0,3.0,1.0
9.0,13.0,0.15,620.0,21.0,3.0,25.0,0.0,0.0
14.0,20.0,0.22,420.0,27.0,1.7,24.0,1.0,0.0
21.0,38.0,0.34,230.0,36.0,0.8,22.0,2.0,1.0
20.48392454313207,27.346879021368807,0.26825246502460903,233.1313741227708,31.961506638996728,1.094274199778582,21.637963886718182,2.0,1.0
0.0,4.946011101048264,0.018268672131322994,1224.6763473630956,8.337469050086934,6.062659078501427,18.060494814180338,0.0,0.0
10.31316015328143,15.946698378411336,0.19869389592579506,441.74097269260824,20.310799616240462,1.5613107023588961,25.39587660115665,1.0,0.0
9.355534819346683,13.871179013052608,0.18208367052007773,576.6089435802037,21.46831091896822,2.454839842522065,21.551663492157537,1.0,0.0
9.940479592465923,18.053069732453423,0.1929123264804412,579.0593497159866,23.893840718367944,1.9017013560206695,23.411837770301762,2.0,0.0
11.072970103735763,12.324915138803835,0.2192045837365235,421.8069062982308,34.389726337455855,1.6422917105656631,24.45232101350042,0.0,0.0
9.927679799641956,20.38611542597953,0.2028403852296828,475.9090340479721,27.445937417008683,2.2779369075860965,22.74362791235533,1.0,0.0
19.354372131164197,31.415991145979604,0.3336578157197639,337.0068221236126,29.506498697514285,1.157102719587742,21.098144706748425,2.0,1.0
26.418763941373268,44.151840014767984,0.4420326647718522,212.8129629045584,32.78078419845535,0.8896411031715575,19.55547656090081,1.0,1.0
12.954360001626146,20.385319158164357,0.17993766927787483,569.0533765270594,22.759397389878544,1.6082907337876728,22.87385723539849,1.0,0.0
32.136702502207655,56.36236467771377,0.5266864296837974,79.7258579733581,43.259762388032755,0.2634900478037302,19.38085758021484,2.0,1.0
10.191287303608643,10.352854140926448,0.1755730000438867,596.224377847019,20.655790675599302,3.151496183694137,26.298632791255184,0.0,0.0
7.525216077586662,19.488022721889216,0.15941673577301355,572.0222503031675,20.11517257656042,2.468464448576076,20.007557642663528,1.0,0.0
32.39961431681312,62.747394051063885,0.48212917246919235,103.17981420310302,47.67450633430946,0.1540701701842918,20.31139739192858,3.0,1.0
5.661594543637574,14.647749270987099,0.15658579327517977,886.8144637357717,16.776253941686115,4.57848691679174,23.01821976360984,1.0,0.0
22.86186816794816,45.25466630351563,0.35213748685352575,232.70217760944985,36.248191307401434,0.7224746792547694,23.775223480211505,2.0,1.0
33.715319246404036,57.360245880146294,0.4694295137629193,69.92411906086573,45.94446059202283,0.31340240832395855,20.484077840507133,3.0,1.0
3.345538112895354,5.1927462298895986,0.07098666836197101,1143.1026401764866,11.894900068976511,4.957015022384876,21.099092978125622,0.0,0.0
19.53653846498035,40.75833968064236,0.391987899435582,186.57715927225584,39.02184575386508,0.7958666134198424,24.05856669482087,2.0,1.0
6.644427814013231,9.04152492228259,0.1405225816499887,574.5443790183626,21.19126491516613,2.5999519884519473,22.613146753184687,1.0,0.0
30.406227095893012,55.19829091719762,0.498317353896699,158.21980171766455,42.394254188856905,0.43492329403622715,20.540253503203274,3.0,1.0
18.437198748027374,13.300469989387611,0.30096427577877655,327.07619302099755,32.49966602702559,1.2275837869288686,25.84154960120659,1.0,1.0
9.029177981381078,16.8185402903033,0.1855406279380153,581.3890883239335,21.79076348322706,2.6738513204649563,22.17908024549372,1.0,0.0
15.543891961752752,23.75494946821364,0.2603687996166096,296.8032508864153,28.947632264481392,1.2654668197593288,25.36584618355662,2.0,1.0
25.9931563179296,44.22299444706386,0.373812831231324,111.66148746568328,42.39245261343494,0.6435612180856374,24.692746834958445,3.0,1.0
23.850984706937655,45.05700879443609,0.360323944944291,236.4578973114972,31.94538358309678,0.675609003052053,17.791799527786026,2.0,1.0
21.33945856878075,38.3575756765826,0.3546413223813625,277.40402285225605,35.6404472419032,0.8341188380638942,21.108225920913625,1.0,1.0
46.176657036921284,80.96806057627118,0.5040856377043824,20.0,52.705625839133646,0.37485137968138627,20.63554436754047,2.0,1.0
27.962761103791024,66.90478771261989,0.4924275378783724,105.79233657068674,45.081794114456635,0.35946990762551884,22.55924596009657,3.0,1.0
22.03403146023592,35.58940877877874,0.37905547504480286,211.1774334686757,34.51383227120626,0.9256518241605461,21.41606771240876,2.0,1.0
29.328430601419743,61.67608610115757,0.44221225945909187,74.90571140645682,44.262770807742164,0.3181829290756989,15.954670035587643,3.0,1.0
13.891410266964376,17.705351972479054,0.20359423176278824,419.01740189352006,25.369725686598706,1.4861462651968507,24.159645341537846,1.0,0.0
12.444406692415875,6.302705743653412,0.1568843336749769,481.2791211907837,29.714117079066348,2.0447016100700974,25.218840894544595,2.0,0.0
12.238616461450977,17.320883311726398,0.3029406080278816,322.75496307152633,27.55108377283546,1.894729952484648,20.370339429592676,1.0,1.0
15.234779619440651,15.199320014393564,0.18866515760800365,413.32815840336474,27.891920936549468,1.8868399494391765,25.42526771929285,1.0,0.0
6.079144812800285,12.744712729296483,0.10771414390281914,1142.1169262359485,12.51347799059155,4.443564258752208,20.51562541363789,1.0,0.0
26.848724347524453,50.488039258581445,0.4968025361480638,147.1182030082605,45.44781997885703,0.2890470724622338,20.947517264254557,3.0,1.0
10.54160127127102,15.138132135735576,0.13067108609644917,925.1309231520147,22.103955922327245,4.906453551711975,24.5429639454546,0.0,0.0
6.451862030093352,18.656161844011073,0.12432675751762286,702.2563502080975,21.23897357258276,3.303994810816606,21.879973658729647,0.0,0.0
6.431718231820074,10.930846199598511,0.19228042320556737,688.9669437085774,19.911484318681023,2.8663492435797684,27.180076715676552,0.0,0.0
12.548011570171143,18.201226091021283,0.20730487216423701,477.84293329848583,24.70870129779003,1.816295665936271,25.707256110206707,1.0,0.0
31.336826751473684,50.67673850322526,0.5650211501619248,167.0702406095342,44.00218455161381,0.1,18.682443219360824,3.0,1.0
7.038382342479832,16.519107031425953,0.2561688423385851,430.29405153050624,30.97162441136164,1.3604551573601913,21.540905598503915,2.0,0.0
28.92509710529508,50.918511720654614,0.4154258593468471,125.67672240321045,44.58678907439064,0.6957604081278437,18.161181022044055,2.0,1.0
9.265939348293752,10.199516740243308,0.18585139886774527,574.3043928564867,19.323234458185233,3.113163562519356,27.34828604385151,0.0,0.0
10.868499477854025,8.612910262114394,0.17299991762469683,584.9045637409378,23.21200341769318,1.7659095038429287,24.960284735560684,2.0,0.0
1.8205286114255466,10.760468861797891,0.029708230938221912,1254.0282129873244,11.87952614806697,5.5707674693645854,21.192156622366184,0.0,0.0
2.6378966850502383,8.651048315695924,0.0526461653374593,949.5788867197067,16.850452446041782,3.8171513254545824,18.28026318860065,0.0,0.0
28.623960248269743,46.43170291476707,0.3917978945415103,200.44335241071857,38.26161017778979,0.9267029945354321,22.171800049323195,3.0,1.0
3.900290941997664,1.2671463694176093,0.07259977281131724,1166.1651833849608,13.692832164080208,5.849323285141763,21.31739245557059,0.0,0.0
21.65474540011836,43.53463974994669,0.36956968635240256,152.70823529047252,42.42962104917768,1.2140274062442356,21.061655947735705,2.0,1.0
14.791607066874818,24.188036698573256,0.2111421330187693,420.50655175259686,26.718703651431987,1.2144626498959172,26.31900622140019,1.0,0.0
5.00763139117911,0.0,0.10121635049037148,979.1089666178018,21.28435113491974,3.9516374594290395,22.376005408345545,0.0,0.0
22.615583389992135,31.665310698809925,0.2903946542769398,349.9403032957896,21.311233865418934,1.8265124114342182,23.79061555776724,1.0,1.0
20.402198093429934,39.20261758403045,0.3531657779887395,285.6109091668114,36.91619066608755,0.657098526180855,25.450147298451643,1.0,1.0
32.707309213962624,63.1596003201515,0.46825723449939793,45.92761318091375,45.30251511899388,0.1,21.74665196898936,3.0,1.0
5.686511549896103,5.868816590950618,0.20336154068748802,545.2779037832119,30.9858570252647,2.7175454198145226,24.019959613275134,1.0,0.0
29.15093733498886,42.351587355660556,0.43190515997546414,195.43552687768744,44.31924956753258,0.3190029304334863,18.619782426607365,2.0,1.0
40.09209666680895,61.65222613514473,0.49737870432914655,124.82047487091376,46.611152803723925,0.1,20.264766914244117,3.0,1.0
7.530807656697075,7.198604770168187,0.09071005329557365,860.2073793942302,20.258106445717882,4.335871410783869,23.24536000338298,0.0,0.0
31.73699835723167,66.3238171796128,0.4368849971777312,53.33286608773308,44.9326938613627,0.9239837771071566,20.740074950617284,2.0,1.0
11.93081594887076,20.244840921569597,0.20083218956836113,490.194911208136,18.4307153748037,2.3747421925073358,23.549859058143923,0.0,0.0
22.858811323528798,41.441015592853724,0.35887136875426434,172.83357756400207,40.26155921261929,0.8124267365570029,20.727851950991152,2.0,1.0
31.797961404596496,57.814959315876415,0.5094320596102411,111.36814468517633,48.360676900302636,0.1,23.943818946950408,3.0,1.0
34.223457589614554,71.17307725653401,0.5284989825532047,46.2015431849898,51.62033813504938,0.1,17.55022446109751,2.0,1.0
18.83438092876513,31.802152031713774,0.29275987181429786,346.3123630805176,32.0206954295601,1.7143581204581195,22.41092168428629,2.0,1.0
4.011787533915615,9.876244011377503,0.06119525975118504,761.8167584984816,16.42082013526929,2.987973446203034,23.752326582725296,0.0,0.0
4.274189322499003,15.642272020020634,0.1564343740172204,708.29631000678,22.398497760512445,2.8078519695692448,22.25259278871287,0.0,0.0
9.90617803463612,20.146611010109144,0.2355711246398899,471.568599319952,27.98814305741745,1.572961473429162,21.867283999887235,1.0,0.0
43.002667303910975,78.22482851976129,0.48690374902834954,63.36239129242684,49.169560100333236,0.29222200934273024,20.223605818808945,3.0,1.0
24.644981431345634,39.27067748057002,0.3241170830452686,208.80783285581475,34.078751056125775,0.3682169615052535,22.205168718548375,2.0,1.0
36.704333576503664,63.036843999679334,0.4975165888312594,136.3357801103428,50.83558118104078,0.5059698018454688,16.680158977959753,3.0,1.0
11.787823946472304,12.499898369375021,0.1775141799180958,514.5765381204899,28.941454998561717,1.9232355926988405,26.688233866140948,0.0,0.0
25.162200488080043,41.4894303209617,0.40347480484101866,162.52089377101646,39.486252473688744,0.7853011104797246,23.047374870666722,2.0,1.0
15.435980619832343,26.702189574177943,0.27039375055251874,442.04680510423015,25.249762932395612,1.3097294730457623,21.899692434946335,1.0,0.0
18.387565781002913,45.54532078424636,0.3392201532650969,208.00414447343903,37.73583351333529,1.2480665710755718,20.641054834800872,2.0,1.0
6.816690328789556,9.98120238223931,0.13338000284001558,678.9018543230958,18.328156627687758,2.6807897294396708,22.460596774855365,1.0,0.0
4.737194187955524,7.0534312578758165,0.13450871592748484,1112.1277158504035,11.34795363632238,4.939744556512814,21.787456485928566,1.0,0.0
34.279053191590805,62.04566200371981,0.48952415804193267,89.04244516069915,47.81686972359001,0.1,20.125020606489866,3.0,1.0
22.762569562865536,39.520314833767095,0.30644141996699326,253.66697894100352,35.18426399677969,0.8081968282592521,20.07523385810529,2.0,1.0
19.62197743523993,38.978992231590986,0.3509817347462212,191.99255863957038,43.37876777399262,0.8671865834269205,20.791942259424484,3.0,1.0
36.19288467912134,57.73886089440367,0.46767874022692746,70.11858684411209,41.91097839678125,0.5290773301859567,21.88558993503364,3.0,1.0
7.809796411690561,8.150091901408361,0.1937386570069707,604.5300789847337,20.40378289195013,3.0900466754987175,25.4233114643349,1.0,0.0
41.49312019136214,72.95524192355,0.5384610245203916,41.93683893866214,53.257946348525095,0.1,20.212086697421718,3.0,1.0
12.603791873471565,16.90736092302987,0.27715896144123364,383.44131854491906,26.325671926882134,0.9923643334328343,26.278527035341707,1.0,1.0
13.630963575566062,25.543212550406878,0.24690028571288508,443.1560720362403,24.660836718808863,1.866540165755644,27.62437195790875,1.0,1.0
43.77646181818943,79.85185281180635,0.5371209332644823,39.22737060378432,50.7810476089845,0.1,16.742919438953496,3.0,1.0
5.520111927379205,8.781501137406977,0.1097738249448358,948.0778909961451,16.229173549920652,4.444170416662566,18.9359745680959,1.0,0.0
11.577739522344611,14.051281891395265,0.19606229098723088,452.30555648876305,24.325432054575764,1.6049992257529622,24.25298200795009,1.0,0.0
24.883881299138817,41.48584995424428,0.3035445286350708,193.53825276777116,37.27853470342335,0.9479569175992202,19.458487288611064,2.0,1.0
38.171292985771466,63.11826690896152,0.45039641862781366,134.46067480847373,47.24023526992437,0.1,18.55339361808246,2.0,1.0
19.139686728816326,34.591486239860004,0.3322777516279173,217.0556356590746,33.9145659823023,0.45886557346654655,22.46751907383007,3.0,1.0
46.312962423670186,78.03691148070848,0.5818670299104881,45.9769696852509,52.41981743463077,0.2670523535658761,22.049940654199684,3.0,1.0
20.17070723777562,35.339131458575835,0.3174604237445472,265.7128065233704,35.81426448140283,1.0773886484744974,21.47065755242017,2.0,1.0
4.832797722818158,0.30204735580460085,0.18020532911189435,1128.705011934683,20.247046232286756,4.652804003904655,21.66725982811556,0.0,0.0
5.3488024829886385,11.541835835601352,0.10367402075440035,952.3700025083318,21.238630862434924,4.427780974443735,21.96233611673831,1.0,0.0
30.377826742949285,52.833215388804255,0.43054344622624746,182.10450714949283,41.92043622225282,0.23543760463168467,20.755399554084356,3.0,1.0
18.5101947103871,36.78959738586717,0.29733489996200735,216.95014253861794,36.90887950531583,0.9162674575300919,24.541556609908536,2.0,1.0
24.850604808455724,50.87495870880337,0.3130525989234219,203.48419949817105,33.74639862012385,0.5951252476625253,19.48922445929094,3.0,1.0
6.335451644102441,6.566200238501256,0.1537676331312103,691.810738002405,17.667382880465066,3.2186054391650747,21.26770450415163,0.0,0.0
33.930794969182344,62.94452288722487,0.47265972772884307,105.91947122216787,44.14704431369695,0.3051781431918851,20.923656724656713,2.0,1.0
13.407768874337632,19.350031489932956,0.22920622287625822,569.444118097226,28.267564879279817,1.9704683041533104,23.349050786890786,2.0,0.0
26.949361819533088,50.46473761965247,0.4434589236540534,40.835744992203004,47.336939136132,0.1,19.88394141300084,3.0,1.0
21.030038453188578,40.51486344320122,0.30320553730574534,283.1328769793166,41.51282019919413,0.977306466967963,24.986878902465282,3.0,1.0
14.940641544072971,19.30172703414519,0.2198744318049355,424.0131915597825,27.49869798579217,1.8755363120681818,23.309390076541135,1.0,0.0
7.729489383281681,6.659428393479908,0.1826861616508432,651.7701691864582,20.554221736687172,3.6070818657688917,22.010199766839996,0.0,0.0
39.94113053818102,79.11333211664653,0.5364008597129762,66.62128512211642,45.47092172223934,0.23634407055496903,20.234843317520234,2.0,1.0
23.838896216361555,42.92862379896814,0.3239060219394992,209.80945329681393,41.68676539585127,1.0855465141369427,20.688783715974193,2.0,1.0
39.51350279286824,58.77030622160696,0.47746311002568576,69.83165183437204,50.348511494213675,0.1,17.239506445648743,3.0,1.0
8.220343058757212,4.404863806707487,0.060090591227830316,1094.326388276689,16.764950335773378,4.96173526388674,24.266732395371022,0.0,0.0
13.3604322109009,22.7700300499119,0.1466423724798045,459.58955477756933,23.487460506976987,1.7755431980695062,24.521514725307505,0.0,0.0
3.0255428717728954,11.41489868902911,0.08708977708183327,932.8798595416002,20.202654656124587,3.815018483786351,19.435735095827468,0.0,0.0
34.2320574560953,61.00080082500678,0.5398700246935189,183.29755668016082,49.820169177408545,0.24504101438388362,20.801758472720824,3.0,1.0
19.775310851747673,29.816732668759354,0.2639580025732123,298.62517421575285,34.33326116446108,1.1819133025825164,24.68219275446357,2.0,1.0
24.012958968441435,47.41136469877309,0.35384555313006394,195.88773322405737,37.08116212206686,0.9305582119139559,20.0058227977624,1.0,1.0
14.007390538089432,24.16422705397055,0.2353954716313243,421.61772233157785,31.439871749685782,1.14436129392147,25.781452248362243,1.0,1.0
15.347353292277052,19.194651233589145,0.2911692882757633,383.5772998788767,30.403492059471766,2.1332617911072838,23.773897283366917,1.0,1.0
15.871349821811823,21.464444293737138,0.20979061579660077,341.11929139245825,29.521243776278645,1.6793195124340872,26.94996107008863,1.0,1.0
10.700683558456793,16.191424376824084,0.18162062178142468,540.3999746851036,22.791555103221803,1.542675398563707,25.82925535306837,1.0,0.0
13.072403664263444,10.398321758676929,0.1962032433950325,592.5106123894489,28.044018509556828,2.046301006119323,26.567905793725544,0.0,0.0
4.041897885276493,0.9059826642015478,0.07928840121583972,1100.1227902302637,16.379508100379294,4.995039274925713,22.378090514057916,0.0,0.0
44.24773523805173,73.50828967667961,0.5606029259945924,51.85555597179196,55.46656727786499,0.13320472169674785,19.188549733265475,3.0,1.0
19.98028292447143,29.703696160940844,0.3336157521555519,228.87878420604162,34.89831302900851,0.24914766067025074,24.392101010975374,2.0,1.0
14.722276944111254,21.322455788915462,0.21938786308503289,344.748318862258,28.017773891894073,1.239983107611464,21.1613482748636,1.0,1.0
14.328538010160557,18.84221855903605,0.25300469152345567,355.81797323750584,26.58144573295107,1.11467088767772,24.801869491721284,1.0,1.0
10.3535095866041,19.17676435516346,0.27365690692278133,489.1472033503905,25.645964724034236,1.9022266061899418,23.984272534715995,1.0,0.0
5.86598571611298,7.714503114200353,0.12453036871673458,691.501974734816,24.63827050470412,3.2433429777329734,19.82080615616748,0.0,0.0
21.205684003563846,40.22782391548607,0.34561521097802267,218.89726635422286,38.389554385802754,0.9591876796893619,21.466963010164328,2.0,1.0
11.2166753732743,15.387131118699905,0.1777981652413322,587.0434747758081,21.294930576714307,2.984151598627569,22.8669902126387,0.0,0.0
6.210121459605819,6.669450726596164,0.09474626362631929,933.8588827058774,18.200747172712106,3.6293968548561986,21.746997812752358,1.0,0.0
15.921385424744738,23.46201286239307,0.260015798997056,402.9410034549355,33.245300183018486,1.1063342419705782,23.933104985459074,1.0,1.0
18.657866639070818,26.502032067324144,0.2765569444896697,342.2293213304384,30.370643087866746,2.086247230125086,22.241379943607093,1.0,1.0
15.641700484673143,18.927943170466495,0.30717824045372694,346.10497160781625,30.729733709566883,1.715307222431839,24.776258791490218,1.0,1.0
35.599549127443126,63.465279801048226,0.5282292276334865,107.46501133440174,48.47148704960645,0.16675339271016854,20.49405971837529,3.0,1.0
7.595573467839977,14.148737254641956,0.17161916062367175,581.5568517179681,22.955195581071074,1.7716440845556574,23.427713791212643,1.0,0.0
22.839712696994447,45.66156110224065,0.3435137917621339,206.4970225261426,35.09332647578679,1.4216554055559993,20.518135850823132,2.0,1.0
46.90289855411617,78.5339719185278,0.4988838523951985,32.26602035611337,59.68866630552459,0.1,18.634924030937473,3.0,1.0
1.4003236074502388,9.985069372491937,0.033137290240874175,1190.8558773144678,14.21674641313105,6.15588433795434,23.442518939087044,0.0,0.0
23.126987250420807,42.328881774124454,0.3887657818497912,174.38012944780877,33.285306300025084,0.1,21.089702233214236,2.0,1.0
40.9153731721071,61.663548242005646,0.5717408994928332,61.37657441798933,50.86198671320903,0.18634632640962737,18.363645499902933,3.0,1.0
6.720016366445102,11.335114061159398,0.20601564823096524,604.1353351464235,21.891815952262085,2.1385920151515663,23.758106410146496,1.0,0.0
5.391690494021371,7.565628117150223,0.07601954639871981,1075.3946936286193,10.245865260717823,4.85946984551589,20.267957886050702,1.0,0.0
13.102166958350326,28.98945279166223,0.26796574692781155,372.9033413834316,31.406860441548833,1.1681119462765097,23.76322875770849,0.0,1.0
13.7828205535206,18.35045018995044,0.24565403187198828,382.00444649532216,31.230768475878552,1.2775820170109229,27.491203602906864,1.0,1.0
6.3552793769666955,11.162005442646894,0.052980125394264166,1111.3504158682179,18.1043894231266,4.893112911618565,21.138179535799182,0.0,0.0
7.1602730778273616,13.131154785934706,0.15127867769940342,620.9119582204316,23.282500859792886,2.113070325470482,23.400480478291477,0.0,0.0
27.31490159828447,50.681855083986285,0.3911180230414616,143.8016616091186,43.830648508767666,0.5470918882905302,20.120203095654098,3.0,1.0
11.448432808581586,23.404663767786833,0.19483053656513366,541.4569906738841,24.105545801944096,2.2682148791974384,23.254933764104386,0.0,0.0
2.313029415896449,12.0819720517041,0.16916843083753647,551.6201472587932,25.49823320758381,2.4158269966165573,23.506900580951992,1.0,0.0
10.499202705259828,6.648980666259387,0.1489980479955128,521.0956738679442,24.128212097651772,1.9685860224123986,19.94477980535764,2.0,0.0
10.982415330823992,13.567882481012056,0.17581808398010296,522.1895945517401,16.27193173747812,2.395490697455801,24.10902078649401,0.0,0.0
5.17701371087564,8.125770054696563,0.10299037572571718,666.0478984204709,17.425558262310012,2.567446672200086,23.285996148340928,0.0,0.0
18.02077208199437,34.02438711469815,0.33158923645342603,238.36302373947825,29.67199298318439,1.2782222475366416,22.06480348946596,3.0,1.0
12.489796898787386,15.780075426796408,0.17602533763241174,518.9855658945775,26.0374311480064,1.8610032905490184,22.4480135693446,1.0,0.0
26.095367238522407,47.292019446165874,0.3968202166418753,174.90575435587832,44.70119576518519,0.6353675957955525,22.775240500334892,3.0,1.0
3.6439182652472386,11.468680640933735,0.08296222662647282,670.003002212089,19.288436784763803,3.0236783457216663,21.544542194518215,1.0,0.0
31.654396525207073,61.0876806193467,0.48323921455097735,78.00531408670011,46.686989177378024,0.1,20.90487125085709,3.0,1.0
22.59631693198105,39.66642551548446,0.25436565571879566,220.47908250706115,37.05600914795966,0.3955539277945203,23.383845275272215,2.0,1.0
21.43422655896075,37.523709053931164,0.34905463026730926,208.24225708239035,41.206878605825416,0.8273564821531347,21.157080628457347,2.0,1.0
34.029290772878824,60.71804901631764,0.5029011929102037,77.37381755814859,49.144630806285186,0.8334137483092849,19.941929264929488,3.0,1.0
4.792724257501204,10.542528035103814,0.1403210649375833,922.4713183357811,19.386039929787856,4.448931932522477,25.590955887592937,1.0,0.0
5.44171774491892,8.3143081188766,0.03613797716755565,1113.745043443661,11.060836325849579,4.654000279038277,19.468983479333936,0.0,0.0
5.965388103232308,4.289951225898383,0.10325563828217069,1087.4648502763594,11.025018672099003,5.206829471154539,21.818012081037452,0.0,0.0
29.18489995965904,59.11152837608301,0.4304247257873783,113.07202650374009,47.05452821199473,0.11043021973646272,19.083095901207773,3.0,1.0
0.13724627841392323,11.480995975645241,0.07109309446038486,952.0658604384521,17.46773868537451,3.5933411501271197,20.546375318334483,1.0,0.0
45.45291806222689,81.99635918021329,0.5669037986254972,83.73627117038643,53.47521894731461,0.1,20.112459619697162,3.0,1.0
47.11108920426395,91.00289212214932,0.5345497517093293,50.32924347464272,47.05270137019882,0.5054508710368363,20.367647984263005,3.0,1.0
0.0,9.59015685437558,0.02814435337956942,1253.4461004590114,8.9840819295556,5.894528376419962,21.08788070631353,1.0,0.0
8.980389512979691,11.69902472452945,0.14582285749838453,866.5140716592093,24.921062750860834,4.446367474865128,24.014971908948922,0.0,0.0
16.888974977893003,25.47239392705525,0.1849377691452062,341.188039295755,25.435796724543742,2.042809974870555,21.40118396346847,1.0,0.0
10.280130276346789,17.578618386490874,0.1921488499053334,437.0327123125821,24.568305871123904,1.1791712724204504,23.697269854598176,0.0,0.0
14.639772280549018,25.012355669208304,0.23175011846845814,466.7639420849367,25.68376223985512,1.7433030401890082,25.239962303084845,0.0,0.0
46.996845646244346,78.76338475457395,0.5166226509396685,29.090805801169836,52.40583359644273,0.1,21.657083461583525,3.0,1.0
25.982405877002,47.79608123433558,0.37269468632294317,180.46094327679927,38.26520023780772,0.7425814421915969,22.298044276572107,2.0,1.0
4.069727713546868,0.0,0.07464363287760217,1201.3684928796463,13.394406392495933,6.133809286575637,20.058026120276043,0.0,0.0
26.10236756029981,39.740072355871696,0.3726963712337105,219.94455786065276,37.42529757688324,0.5596810851880532,22.844661336782906,2.0,1.0
46.691052199770425,84.60487856314245,0.5666009070631788,48.97768239615554,54.3888186158752,0.6419548631986028,18.473934333064754,2.0,1.0
16.099988334901138,24.260687862857544,0.26357850236458535,392.5103724277974,24.48923788861116,1.657887482328399,24.461419002283794,1.0,0.0
21.893144403066415,51.983485344540625,0.4219785002381015,168.54203184823905,41.53068293550882,0.454562797092932,20.506894595462878,2.0,1.0
33.65452300991403,52.141277292038275,0.46563839715041444,129.65035624129501,45.50417941790046,0.10145545544398621,19.7277452567965,3.0,1.0
34.27683104131142,58.11205166143556,0.46362713210268597,145.1264284848977,45.96950283777167,0.48890933177639073,20.372410899367168,3.0,1.0
0.7488012666810966,8.94155304219205,0.04022618685937258,930.22979725303,13.006569794000335,4.276003438001619,19.54795531933972,1.0,0.0
31.419656372153998,49.325111287210916,0.41451019734579897,116.93071577276125,37.55466508350949,0.4735043363563154,20.487618117736908,3.0,1.0
7.003468713484902,16.990749857131938,0.08150126137259654,892.694208324442,15.16840622873146,4.309956602268923,23.99658130135344,0.0,0.0
13.869080417434006,21.53592196468807,0.23659123228877946,475.54040992839083,28.158054347872508,2.1626896307917223,24.70660992141518,2.0,0.0
14.436692866795795,25.184252247125585,0.18678529549592646,409.034821890442,26.546102339302433,1.2812632393422545,24.8870238626376,1.0,0.0
4.144871294275083,14.277117830289765,0.08127847440634764,712.8805070626742,20.00213036469789,2.947365351081147,24.5073744261166,0.0,0.0
11.519394384668622,5.344987219872032,0.19147376251720077,583.0029841641309,24.165163865960885,2.392545230810333,25.43388725334936,0.0,0.0
23.82512934244564,44.19327851021799,0.38848783714093466,208.21754456182518,42.56650994438279,0.9672704233605876,20.48036024098965,1.0,1.0
6.776865281794344,13.602242691132176,0.15682293753731277,511.37459356178374,25.690666526952363,1.8209077139836778,20.414543448795843,2.0,0.0
19.26029755285572,20.493125077269053,0.2923159604322776,346.4085523695134,31.765958038147303,1.1748218235381973,24.499860054783642,2.0,1.0
18.33968939449806,30.024963957223704,0.3234191709817542,337.0430961538594,26.851033503270177,1.6087688558137356,26.46092184523243,2.0,1.0
22.017804110781054,31.190259076838398,0.3246064591496223,254.27511467728496,37.54885840235212,0.8668424948651989,22.103359500835356,2.0,1.0
21.337999320622306,42.71017889907834,0.33362264116034296,214.3740900454743,31.257747548071677,0.7816694258745902,21.171912997333898,2.0,1.0
38.07283311093992,65.38053608130167,0.5462088550622359,69.08791700408504,52.780600657255874,0.8612686907886922,17.844425591925816,3.0,1.0
4.539723512483825,11.00118124073217,0.13427348204725761,888.1156173018803,15.697465059697693,4.729109314754414,24.691061015668335,0.0,0.0
0.9754488145178506,4.402503491381385,0.08019392561592792,933.2793504903384,23.113363651182475,3.631503281475733,18.636109845150724,1.0,0.0
40.58108851895949,66.54786037166804,0.4713120099195629,47.764197992107604,48.067154547654354,0.16023029679653095,18.441146736435325,3.0,1.0
26.784707309253054,49.45075613684448,0.4487337484341872,156.22810054201878,42.923029960203344,0.17134418334633134,19.678868865595906,3.0,1.0
25.597450036702625,46.47603714914921,0.3453615757535928,223.7308957987371,39.23418763147508,0.9875446590531177,22.568823485250206,2.0,1.0
11.607623708295067,15.315425572947515,0.14059548622835039,434.94813285213365,24.78538836380646,1.6070026812706035,22.84268236957277,1.0,0.0
21.444928355734092,35.16752242156748,0.439130846638917,236.79733885101385,36.23367935753437,0.8081502426433471,22.101897192454494,2.0,1.0
11.646982938598882,11.048396992923298,0.11617122237152946,580.5475927499148,27.413417468093613,2.322696047941868,23.88368592150127,1.0,0.0
5.337116602596071,7.977758825407718,0.1353553806939527,1058.7979133309075,15.559706418586257,5.560645352163156,22.6295584125359,0.0,0.0
0.5658761031159023,8.1293209311823,0.0,967.7424652785916,18.215642807156623,4.141431959948452,21.585524424422204,0.0,0.0
22.39758917667771,35.51502503962243,0.37788229954372443,196.03590233295358,36.428806091685736,0.39242779542275774,20.380395518086228,2.0,1.0
6.084733501324769,10.742754321674955,0.15527393040213652,918.1681869789394,19.525825119700325,4.370907204013608,20.773915002613496,0.0,0.0
34.58306357891919,61.17459509545228,0.47798311313547037,55.884636725923194,45.32151120804576,0.7598800111606672,20.049061634403152,3.0,1.0
3.8638690846326194,9.386609075064385,0.08251762899606825,1248.122737604317,13.266325780469717,6.4670645509640075,20.69928808626318,0.0,0.0
1.4659792699888996,5.588140399391361,0.10953725152287026,1119.482913986092,15.745336879156667,4.876962126444573,22.426713444196707,0.0,0.0
18.57415011509972,41.47820442659116,0.33600934358079737,255.47606927786654,37.1411731616937,0.6253078616206454,19.931361410380553,2.0,1.0
18.142166161456064,22.14817558956611,0.20823171457432288,368.1770735161082,28.155289413685196,1.5118037527368917,24.573574410281505,1.0,1.0
23.077873522872867,40.12201029667173,0.36507463206174573,261.3593429031188,34.98186898110567,0.7556182094277231,23.930751689724815,1.0,1.0
12.579685951538625,24.207543887288615,0.2604069062525289,321.89741892492606,25.71593419057318,1.23652102415296,25.149830431613818,1.0,1.0
10.412516073820605,10.99979419610179,0.1794336356403754,653.9491435900494,21.960905799145635,3.1994250815859204,26.476347163692925,0.0,0.0
27.804710700841056,50.22190824093586,0.458574098603842,94.64538124721523,46.66016694922328,0.3898224322216274,17.607866062755,3.0,1.0
37.93857413746776,65.82554235945746,0.5460552960135852,20.0,50.94284826521911,0.14376890740674156,19.74573224253016,2.0,1.0
24.411389980279598,51.745214296811454,0.36968629587679225,184.83118523438563,43.6518692017683,0.553946560862041,21.638418624525,1.0,1.0
15.818206820054463,31.177204527908025,0.2745432424445989,324.14571910352043,30.381278246528392,1.2260910652726074,26.28528796834356,2.0,1.0
18.267104746211874,34.16409502586221,0.3661875504199986,273.4956055932005,31.72163289371647,0.8834896937383495,21.542616681464008,2.0,1.0
12.98679438344837,16.60268205668237,0.21145724114529946,405.03704438419106,25.653588596511657,2.0495982253406484,23.61884481894667,2.0,0.0
19.67418665544027,43.45632774986007,0.29863590086244324,224.09028055357055,34.16765416474239,0.842855303897624,22.015026885249107,2.0,1.0
11.969632671284526,21.37848993572926,0.2625539157734138,326.32105664881965,31.84238783835133,1.2392418064345194,21.16089411077554,0.0,1.0
37.57296412928895,66.02192913884538,0.49845523314566015,91.2420585064232,46.5819014028874,0.3345348209357024,19.61618927612633,2.0,1.0
28.563837576252624,49.309052699331986,0.4310128752520158,145.9920662001669,48.64663384861429,0.6670207516507807,19.387553058411275,3.0,1.0
8.249093604047708,13.872973192286139,0.1593947004489619,600.6507616657885,21.160866037926546,2.4794418265427427,22.475201241506312,1.0,0.0
15.020314937830367,25.090280651714277,0.223789425984496,405.92607437368775,24.021401996743364,1.2664384206763324,24.999404508065286,1.0,0.0
25.155957047279113,43.52544512543381,0.35697343873361786,189.6287045232423,32.402481178209044,0.9080883468559056,21.535439844326714,2.0,1.0
22.302359286225812,45.285246858610094,0.33924642182038545,213.4882474312988,35.743159986454515,0.8584414745481903,23.88902069211166,2.0,1.0
33.37249594666388,59.00276966409101,0.4456407754311957,135.52760248094398,44.230066927742165,0.5983307607204907,18.102849075221723,3.0,1.0
11.359368803539153,27.130519305266073,0.24927301498390925,396.07353743949216,26.714188443471585,0.5469888560411998,23.41862578751778,1.0,1.0
20.583127353363945,39.141338746768845,0.2836879491192974,213.8621905626601,32.21109814346751,0.996796640720007,20.96489289911571,2.0,1.0
8.287587501905353,5.038328835052031,0.1459771385872515,590.1047827017495,24.661416962318047,2.20111837111894,21.680749291598072,0.0,0.0
23.313827381392798,40.74235898519367,0.3357505424196962,264.9911163700776,37.59292698589227,0.146536604080571,21.20579955473949,1.0,1.0
45.261380048928764,79.4338969865322,0.535726136679853,35.216640248563735,52.93895770090151,0.1,18.886192823972465,3.0,1.0
24.630664845547226,52.33652593927525,0.4384159903842234,127.66318378820912,40.75688201488445,0.633531276449812,19.801619016121855,3.0,1.0
6.355847976344145,7.122862133911225,0.1429165067652367,596.2793583783001,20.807339979547955,2.497046557404885,20.46724221789725,1.0,0.0
17.759905155060256,34.290826307240366,0.31992795349254344,177.52997861603558,35.07249845615057,0.6959895977226027,20.246680383817527,2.0,1.0
13.06896420358903,19.489496874812637,0.16620706152508571,516.3017248361543,22.00944318071898,2.368997110531605,25.47402471415491,1.0,0.0
12.199858553633982,21.793908285901416,0.2550927110587124,370.437550542616,24.910564454374466,1.4629967807861668,25.46357116454898,2.0,1.0
26.086051603697978,41.16098626266813,0.32220598945276646,171.19613784055153,38.43472390799271,0.8842889963495297,24.786893140087372,1.0,1.0
11.941609705074406,20.86230553745884,0.1656651486787779,508.67037366597015,24.105872474896977,2.092627461293418,22.937113099592676,1.0,0.0
44.34589949872173,72.79355373722436,0.5436502906257826,50.88764481248931,50.18398150855835,0.8918458954238644,17.17837348933365,3.0,1.0
4.912477594734629,4.6320248809535975,0.08398363445231194,995.2403682136933,16.438683043823666,3.9955940756824377,17.297745505237884,0.0,0.0
35.06279173106555,66.43031322559804,0.47938318327948476,98.67551019356176,44.463229526105025,0.23409916429471195,20.914289067812902,3.0,1.0
5.889252532317515,16.053366499748154,0.10331924163642137,619.9722012130954,19.435733867746094,2.808081921065591,25.220655289702627,0.0,0.0
14.105683226159742,17.577166105045016,0.19970082778993287,540.9759600555797,26.89220486390912,2.078551695921914,25.195358162065407,1.0,0.0
6.792682986321855,8.319323167531905,0.04505608954759296,953.0585290221901,19.31491111430505,4.027095007455678,19.60312362966712,0.0,0.0
13.263436063701231,19.091664457010754,0.22778228700919217,477.1105692537886,24.33680339016902,1.601807585134767,23.400265588970733,0.0,0.0
36.07170067000987,63.433940687678316,0.5050682407535991,84.66564046609834,42.015496618197076,0.1,18.686738231529258,2.0,1.0
27.675457769861726,47.692571621132466,0.42017224340413317,174.08342507744462,43.93733727871089,0.5761187061525541,21.007879669964264,3.0,1.0
6.157341515056022,3.8965275761220948,0.08186994048857368,953.2150974577879,14.76446177590621,3.947411641028796,20.598976402578696,1.0,0.0
18.507733777647495,20.818248209452136,0.2888255604898686,352.43883790241136,32.26798815833075,1.5260292616736961,26.349790769976778,1.0,1.0
9.225215219784948,23.543961343531283,0.14299574726624795,514.3555485686256,26.215498723119993,2.0371711640090044,23.64806355393172,1.0,0.0
40.70353227562865,72.09522945235102,0.5203972412058282,58.73291619074587,42.78286177137107,0.415329622737447,20.562170825325033,3.0,1.0
3.677762287686328,18.05479566932543,0.13686750849509158,722.9343466091738,17.058591395234306,3.085216971158961,22.386362456333792,0.0,0.0
22.723838078086974,43.89997307539419,0.4174700062346751,209.51144080583992,36.63224218314927,0.5452224366656864,23.09201177175104,2.0,1.0
29.326856238642193,45.97791994193881,0.3907126064563639,141.0882837638177,41.09738386382543,0.7735495335540111,19.99668594833548,3.0,1.0
5.022160390270258,0.0,0.0037606436576866006,1220.2682988450917,16.09190362098259,5.853032180958095,18.00263907743319,0.0,0.0
10.863848347881504,16.287861470396507,0.13845883559784553,596.6552763862467,28.325415987047723,2.391526806566982,22.242920884719325,2.0,0.0
6.436297193114674,6.612366671517836,0.1593102785983486,598.4836196829962,22.998379404291697,2.507057920477132,27.389426797313334,0.0,0.0
11.32772817986335,12.183649457630507,0.16122627918661134,470.55296016330806,25.423513551561385,1.7495674462119832,23.302808694122575,1.0,0.0
23.040476104512052,43.41515863087559,0.2878654703630292,203.3391709039993,39.48776008150508,0.1,19.814977838013878,1.0,1.0
1.1568118748847938,0.0,0.1030450787917935,1209.5989557343548,7.779169798460492,5.867445321827753,21.166329574242628,0.0,0.0
6.171914776034431,7.651383363875184,0.10403482631269663,711.5641921137086,21.23894169657514,2.9121136152709366,18.07127169241999,0.0,0.0
15.418954545417419,30.812570168880015,0.2959962195369794,324.9621098089911,25.853947293922687,1.054914858133369,25.26267116217602,2.0,1.0
15.00916362895478,22.50615345334777,0.1828131314175928,374.91388173952834,24.762173620573197,1.5015375672454123,25.130129195253645,1.0,0.0
9.77092243261781,20.427454357041434,0.18581665880774653,568.0236314700531,21.35637961693074,1.8852722125601014,24.006870209018228,2.0,0.0
30.062983124523992,57.76029470534645,0.482631312784736,140.74855725364165,45.819355302880936,0.10053632244657845,19.995820833999648,2.0,1.0
23.933819195968333,47.68323396838366,0.4550888772680892,179.77936039053554,40.60579660319787,0.5112574700718028,24.382091262265387,1.0,1.0
44.51220367310343,79.28861689838631,0.5238209940965819,74.44061993680229,52.98704960651616,0.4064505693005783,18.013629180272268,3.0,1.0
20.68358293623793,37.68558948536514,0.3553638898335656,326.3038797897172,31.981322456550572,1.0391882226325024,22.28300520187001,2.0,1.0
26.097263061595566,35.461338680474235,0.3214233164601604,209.6449370766412,35.550792955094245,1.0800751311200822,23.641176188626506,2.0,1.0
3.906847375507084,11.186059843171362,0.12388400994771286,1104.4975596044562,14.360360848155976,4.743001834719976,20.894511504015206,0.0,0.0
5.785866921842836,9.97702169152243,0.11326984932996978,1101.3632819699667,18.597095992547388,4.308416135610478,22.219315613073128,0.0,0.0
47.25960570327913,91.05010096315834,0.5033916271127379,44.8189588659268,52.170924422973066,0.4688104943079575,18.669174464532194,3.0,1.0
32.26385178293602,55.57410177554439,0.48305253152314914,100.00227037178138,47.83183330217941,0.18522198513378654,19.43134737747688,2.0,1.0
7.432091498080989,13.57722866619838,0.12594379833839747,661.3184052687127,23.92555146903849,2.5708561306837585,23.351393851375814,0.0,0.0
33.10873678161509,52.49353962370175,0.43036918749744213,86.79741159242118,47.77005225997518,0.6284493942955258,18.226975928812905,2.0,1.0
25.44884140946516,35.497823865751755,0.2848028528838985,218.9238615935345,37.41849338844238,0.8145489186773396,20.84070886494037,2.0,1.0
22.688624948467453,35.162402703218646,0.3285313879393207,183.22057729703334,35.719218471901314,0.5860488812618574,22.23318300872841,2.0,1.0
37.76793447398104,65.89763738945155,0.531092224079211,84.13285321993074,40.11124096405241,0.3217410150607253,22.93221217971773,3.0,1.0
43.4223015005174,78.95479955772441,0.5824706161948693,22.247555083052376,51.28406161865777,0.38817337111269523,16.93716232305669,3.0,1.0
39.64203311721662,60.38532559559788,0.5617736782444921,90.16880224121206,45.498570352510995,0.1,21.508398856146293,3.0,1.0
22.07508368297364,44.367221356298586,0.3478933891544715,124.33166247536148,37.54409785305188,1.118043145601381,20.65938097137443,2.0,1.0
10.224070062185096,16.685864533419238,0.11293597360997294,530.7249584991774,28.05118733666172,1.661461716504763,25.24665366171849,2.0,0.0
9.462217062025127,10.08998021033429,0.11088157781789215,584.3659381262084,27.31481093100406,2.3856967491716286,22.781811423338965,1.0,0.0
6.66843013370711,12.50745425859093,0.16807740803935023,606.6304909091002,27.16145607025979,2.7562362689634043,28.15794614418747,0.0,0.0
27.30661927435706,44.49234939155638,0.36719573237547887,224.58929980050664,34.00467744136984,1.3869770071584162,23.987055627625356,2.0,1.0
8.785827021096432,10.86035060849014,0.1792050890836915,569.2399832840264,25.678011973583015,2.0504893043602492,24.714979735942354,1.0,0.0
21.70531954675699,43.85570169222228,0.35748352837790215,211.97684578817982,45.47655199580206,0.717463571523486,21.523358658973905,2.0,1.0
18.233157024024926,30.35454183918509,0.3018503563920863,344.831239947028,32.907691762835924,1.116334908758049,27.07971027561181,2.0,1.0
16.531940335634143,23.422612229008624,0.25889964558875256,323.39292902322836,34.92309550230008,1.6140778278227768,20.339451675382065,0.0,1.0
6.988205801339782,8.222266828308332,0.10572037405732387,901.6512767184313,16.570806718195456,4.567577536048529,25.36863418410681,1.0,0.0
24.37272695548384,35.45030434847709,0.3813525036404772,224.965833657606,31.29457330175594,0.45892975742130426,22.26411893339707,2.0,1.0
26.065551505116847,52.83384633887917,0.3842361274341659,217.33170737526345,37.26964033375292,1.2607045858865689,24.11335554346424,1.0,1.0
9.450867583137782,11.57978849429673,0.11762144485201921,626.5180410036231,19.86131599529235,2.7687917980673635,21.841809174751667,2.0,0.0
20.825902691938794,44.89836711489249,0.3734545636258932,205.2438692275063,34.245942815083104,0.9277130374919773,18.653066808996293,2.0,1.0
44.685950343110584,75.15935622634336,0.5977420110328842,86.30142559158348,57.89246765251593,0.1,16.40622566574487,2.0,1.0
28.905834764979023,48.18839598764679,0.39010909550743406,131.2894576381575,37.899429450779756,0.6121675304615556,21.60534284346219,2.0,1.0
11.278348437394598,12.784128402341985,0.20843607828336502,427.02274084373295,35.39693859088398,1.864602546213707,26.628404999849728,1.0,0.0
23.911697827252844,40.17401080612655,0.3985331115833215,241.3153632651801,36.93596409348276,1.2059329581564864,17.446963189721764,1.0,1.0
9.786229312116069,11.381780329766416,0.16515633072257072,662.1911121504949,17.32353456234352,2.7479819893374584,25.040883448540868,0.0,0.0
18.887551918663934,42.04540723168427,0.36059806821609347,253.90498834427416,33.67642617180773,0.3356262671792449,22.840810637955713,3.0,1.0
39.64697513383706,62.18491207554796,0.5475474776118882,55.621352882855646,53.02633603256004,0.1,19.618066243221474,3.0,1.0
8.399077832911376,13.363494366067023,0.18481544604996758,527.5118753711781,23.386313136264814,2.1608362993052372,20.322695408386686,1.0,0.0
2.302463576413038,2.597255754089761,0.08727117688783562,1184.554462028367,9.806254026837287,6.26331308505706,21.218624429305304,0.0,0.0
6.715643150232402,3.3220774831879334,0.058370896745903116,1033.3989087267066,14.886025935032311,3.5938735975870726,21.101715117501826,1.0,0.0
29.71943950351452,56.82852378438112,0.471828410510284,145.38227024075158,44.620321320541976,0.6866129668834964,16.300674816755567,3.0,1.0
11.784574019450243,9.637508563688444,0.1704167825756848,544.344191417016,25.03971366230496,2.088215119006016,23.423321914322337,0.0,0.0
21.26864583493896,42.01708299215353,0.36564348197178587,240.1090722066788,37.75323890098564,0.8919352588890023,21.343394016393514,2.0,1.0
40.363979765245595,71.26437107827317,0.5018928664257589,102.93416834948272,49.99598216814192,0.3120309552756228,17.822964663828525,3.0,1.0
34.195990767322556,62.88490617499495,0.43672551223221157,93.45004583557372,44.283229039311735,0.1,18.93985281552139,3.0,1.0
9.726574552687977,9.845213963162934,0.19120217827050762,629.533866521701,19.009410986072307,2.8503821099778532,23.995119033342274,0.0,0.0
12.596696102698216,16.702288246861954,0.15193924069470482,603.5979107178009,24.751369358481234,2.181044303090461,24.07398725504934,1.0,0.0
25.41732696649983,42.858338118639125,0.36121590406253234,196.17159151217464,41.6907923597199,0.8083895664242611,22.45155378200853,2.0,1.0
0.0,12.781810847011922,0.05338320986657372,1146.9952738011773,16.218228465849386,4.878293486058124,22.9246331572221,0.0,0.0
32.85026649342744,60.32950778381101,0.4854879474883999,61.1506783409523,46.66110264651401,0.5509780679576517,19.94800164539359,3.0,1.0
31.180502586928913,62.07054770181469,0.49939301650824086,139.7448526597028,43.87172548121952,0.37508816908630305,22.921655118404374,3.0,1.0
39.507175841791096,72.38791869407004,0.5188369712562798,48.35629352272401,51.64298984602245,0.2368761097243788,17.966139231602224,3.0,1.0
44.33154244273613,82.85103911581497,0.5653781980858403,39.110710668310034,53.477995430563055,0.1,20.12498724739273,3.0,1.0
4.479547640129262,1.3249401757559687,0.08895659843172943,903.6877974170269,19.701552628385357,3.7573665753287817,18.586926289677777,1.0,0.0
4.839767452123411,8.403030547919936,0.08782476801903169,964.4223748266887,18.769804434429144,4.603988622078355,19.208052673732794,0.0,0.0
24.864586688239413,37.66195017445593,0.3533744352358539,273.8939142924979,40.18101725820181,0.9642583211652723,21.830836148015553,2.0,1.0
17.50126074965504,23.34782939886159,0.2675972868809068,320.97188641050735,34.386763812104185,1.1128638251316632,25.608812699359138,3.0,1.0
47.85752032407354,85.64952268437081,0.5519062015150702,20.0,50.31850552637693,0.17629468796611308,17.947374336803822,3.0,1.0
20.85107718644825,40.4069484255527,0.32587024961528754,214.74764774659042,33.35653456529378,0.44178735756193316,20.083463470371605,2.0,1.0
22.976057835879203,29.504028727497456,0.35240848772715044,294.067601902321,36.84610265762803,1.2951718889698545,21.056181775705838,3.0,1.0
5.021272536697363,2.6559884302602885,0.05427559278861955,1121.427094480818,12.7333702231466,5.211945428174437,23.677274525726062,0.0,0.0
16.397285217990927,16.358702632286864,0.2408549574499042,408.7309901784798,23.085549328701152,1.8324987692558181,21.849404962784657,1.0,0.0
7.921739380926091,8.209627943927748,0.12758173750698568,1199.7569275797546,11.072826091906437,5.677740882487357,23.40484679493384,0.0,0.0
3.1896301857017884,3.518328324254443,0.07735401410284237,1100.964294408937,8.82268662556228,5.006701771795583,24.540320700120507,0.0,0.0
24.817221965937794,46.40024402381387,0.3266213494550135,229.3228626672588,34.341032185012004,1.4553640575004412,21.550971251976716,2.0,1.0
15.167944850698264,28.044420850687047,0.27543394953918354,377.9561374332108,28.037507834573667,1.3673888554830373,24.58719514809855,1.0,1.0
7.466696465378076,7.104367243382907,0.09295890855473263,687.7999384288466,18.70805224173852,3.241904523322479,23.195207249585597,0.0,0.0
23.810046167070837,35.67878369841373,0.285538437962714,225.09599768258622,37.888136288191355,1.0353045279105326,20.736984516106038,1.0,1.0
42.962126659214704,73.57939427928002,0.5252259924973657,22.45180029083061,59.793717580589224,0.1,20.036387938195013,2.0,1.0
45.03593901443774,79.76627952401005,0.5747920995199158,28.019034851169582,54.84537337417704,0.6736016407158092,20.746090228878906,3.0,1.0
8.176153350335664,13.849380677066279,0.13837664469663918,932.2086583172271,16.10746334762743,4.410639958512942,24.153547483163415,1.0,0.0
12.94522187672076,21.75129506497429,0.22976637445966216,487.3176382650915,18.822093449701573,1.6358310534067044,25.878743593724998,1.0,0.0
20.007381422224004,26.786065480573043,0.27401668852335836,333.06763750075515,31.05850092945786,1.3368364976257165,21.555400252130706,3.0,1.0
41.11261802407299,68.77272948855688,0.4812685995245479,127.62623257630827,51.59842485937031,0.1,21.338572867956042,3.0,1.0
41.25054343887719,79.13837548811603,0.5120624465620629,61.69258359821412,60.0,0.15985219793166652,21.995920753426972,3.0,1.0
43.03545349304369,80.34649076882049,0.5199876165458163,101.7427006060873,55.10351069569497,0.1,18.522961254378146,2.0,1.0
20.1896582409769,12.776639857919335,0.22510142214961362,419.29818788241846,26.37541269730513,1.8388887082117347,24.7809696370936,1.0,0.0
7.664682034741792,17.465557647417754,0.13786789885945477,620.5970324025952,26.22322134204686,2.236990874314212,23.990689928527324,1.0,0.0
14.169858324485347,25.42881019971123,0.22389244615680406,466.58005333263316,25.42555647331457,1.3708790483616047,23.565010279582676,1.0,0.0
14.370570601016373,41.299794797230554,0.3427640280192731,254.24596396449098,40.02058052515278,1.2630062427625297,21.89968525535398,2.0,1.0
25.97406927032422,49.40258374854281,0.4121559208998247,140.94562219643888,38.03304135555692,0.28664350613973594,22.509719488000673,1.0,1.0
0.8967044351048781,10.795812286869685,0.06112886416389167,946.470352051935,18.045083250861293,3.42479533419691,17.793310391939723,0.0,0.0
6.266337206632104,8.401025948180639,0.16315484142917253,1063.7056340882627,16.2634270993121,4.987626888008284,22.00321942318981,0.0,0.0
19.374848435378382,31.814769683244595,0.3161013736056303,224.16561219354654,39.87503508407683,1.8666851388659829,22.370627780649443,2.0,1.0
29.322451958220235,57.1045630695299,0.47768588738579143,48.27710915220463,44.97271421981628,0.7480882389760131,20.972459064051815,3.0,1.0
30.746866345521585,56.42135278236055,0.39572196856235226,139.0598758564862,44.64699809342144,0.26335988312507785,20.367435639758007,3.0,1.0
16.651385593299448,31.254298435387227,0.2646235876103119,314.3792920044588,31.63919738002575,1.0022015049490984,25.565920145974786,2.0,1.0
10.96451784422029,12.961307928989786,0.20990939041098525,581.786967178702,24.334158509284013,2.3114037581947886,25.146319805008282,1.0,0.0
23.86333193373619,41.58149472474266,0.3406196849104017,176.1203326997374,37.25307903415798,0.8942388489351998,21.52587555831554,3.0,1.0
2.628677366262861,2.9812212410178143,0.053832036588329,1205.0090183732357,12.607171371927402,5.630984091776261,22.89016429859323,0.0,0.0
41.263407415469146,68.7596048264927,0.557386200168023,89.56884099368959,50.580756019435114,0.13769682000802735,16.721485412007066,3.0,1.0
32.827098809347845,53.13378012469232,0.38023104966475957,90.99355422107945,48.54468941064627,0.23818056953980818,17.14926544097339,3.0,1.0
18.837212667752414,20.58694345824737,0.23323519729996092,388.8653507477102,26.323612543345128,1.40637842038418,24.493277358712895,1.0,1.0
26.745158531147254,50.34896575128244,0.3751970779189582,161.94186524559015,46.95824911054268,0.4445261843371428,21.975133362122467,3.0,1.0
22.242185904523318,36.45767394791171,0.37201446402630345,209.10975173003206,35.61235742367289,0.5810168157695936,20.329355323066206,2.0,1.0
20.870615768484157,35.98112977919427,0.38793247585555635,213.0797831919259,37.4253940317874,1.0189360389672169,20.068175267347872,2.0,1.0
1.9346320581525318,3.485637307611862,0.1291733199375403,1126.1836224340882,15.08901285441823,4.483676743711859,21.462394636730668,0.0,0.0
13.550000222679898,26.57510152375173,0.266858218495304,316.3860434776118,29.903917292524067,1.7670781594401603,24.58623391895327,1.0,1.0
16.718735539728076,29.269673094015165,0.242692447665784,348.75595883895846,29.86798336517452,1.0978463865866468,23.97852083592634,2.0,1.0
19.164983852969936,38.97760016835432,0.31197455487077363,285.85780507094404,29.96259843345615,1.4810439629064474,20.317750877832,2.0,1.0
3.4691426049485865,8.372899134824443,0.08376080557555837,854.6683789826141,11.841376738952295,4.145749224902359,22.63643507692039,0.0,0.0
32.29827409693707,51.64599753446419,0.427725396666912,113.5638700644611,34.19674468662144,0.18961312876253503,18.68627776303056,2.0,1.0
6.9860062088864066,7.359479441608252,0.09855081698778995,993.6680143777189,21.094961323725524,3.5773242691928426,20.667343842514825,0.0,0.0
19.701438788921294,31.53214711412352,0.31807924864875553,295.38270333242315,33.954989663817365,0.9543919727321577,25.346680367534677,2.0,1.0
6.547812000963646,7.210668245649895,0.111692406177845,702.6172959577833,21.414805898022657,3.439947871495602,21.978281712002875,0.0,0.0
10.876328729620683,21.240108954024464,0.17825416748599845,451.62154988538003,25.376645759953444,1.5131824344949818,27.476455183010817,1.0,0.0
36.631508973304136,62.40989374512945,0.5112017367238016,59.43390128799794,47.31668706262909,0.1,19.420830835870788,3.0,1.0
26.03044178362861,45.34654299160525,0.39987714748209685,203.70474785193394,36.776983168066955,1.1902677707080014,19.8545180198635,2.0,1.0
42.096969747409105,66.05675801409811,0.5492912101893845,97.92623535811731,50.87915327276467,0.1,20.403186047273163,2.0,1.0
31.016625912325047,48.27641966901404,0.4350048120779501,128.39244002099954,47.958251674433136,0.5939348105626783,23.466888507414318,2.0,1.0
3.9987412550335186,6.579618102363181,0.08381932885775643,673.4208779830667,11.449909672048452,3.1633747202380884,25.081290761884105,0.0,0.0
2.295641478073054,4.644349636386151,0.029338275304271803,1198.091207885412,7.913415325852041,5.575268696083253,22.951523493982066,0.0,0.0
19.64622879623323,23.601205650377352,0.2576272248539759,336.9601101549831,30.549952637989243,1.290753512804422,23.711808794075786,3.0,1.0
2.9103460730508672,5.556408679366633,0.06987901392639646,1168.3325306363774,14.900459503436576,5.5966242728959585,21.537746071221548,0.0,0.0
25.59238060050369,43.15753202000829,0.3704307270905769,230.11840705810275,40.222522615436674,0.1,20.42006032764292,1.0,1.0
0.2340644254805988,1.6422413845924941,0.03893575254433779,1267.636083063236,13.176007750339924,5.529287396607137,21.765315222369615,1.0,0.0
6.159830527480075,11.28372024770263,0.09036402269580684,721.691138187396,20.256539988918796,2.485287504408561,20.606610276308906,0.0,0.0
18.991742652696672,37.44204400943605,0.28044745579620833,233.25205372583054,34.85570773087203,1.2605332931787796,25.891719496157858,2.0,1.0
42.70362664824005,69.22260531380928,0.5102931307229598,106.00821931064164,48.42681040839475,0.20634481867269977,17.61764490218053,3.0,1.0
10.37026700190514,8.735658633574896,0.13221619754086666,898.8570125197812,17.279072795565494,5.100962084780803,23.334233950787752,0.0,0.0
2.441895191386619,6.62073947733082,0.10594547669896742,954.4941892082326,19.646483584203168,4.381748963172334,20.652405581267114,0.0,0.0
20.158622266229354,39.210543088335314,0.39414450992902855,194.13250862686036,39.33278818537681,0.46237248224079197,21.352702949049284,2.0,1.0
11.307005699563089,17.65029467275136,0.1630663895697709,624.9945581773144,13.81175313500875,2.7963058960610603,24.279138380196287,0.0,0.0
2.250215871904934,10.959080694330572,0.09575930236060706,702.1822998609169,16.524549314440293,2.9452809037852328,25.03730341074377,1.0,0.0
17.939441728140423,37.51025604101041,0.31274492465463427,248.12322366317133,31.148484329863365,0.903893813067466,21.054927352977487,2.0,1.0
4.531676267757971,8.682750545064378,0.1335227288187899,699.8776158548791,19.239620363730406,2.574055291529371,22.223564796887004,0.0,0.0
10.200195693640957,16.113326253944983,0.13271096195161933,892.4212539359208,8.275458524012638,4.589148007142467,22.99725686173385,0.0,0.0
21.27996419264271,34.00612669311222,0.2900074243075653,286.6305733059978,32.55882847379348,0.3504263008319029,24.428547354085268,2.0,1.0
8.9709547385451,1.8102512569169988,0.113378137291249,660.0196467692439,15.043271967939532,3.290086993603445,22.816936861749006,0.0,0.0
40.898867031894525,74.22440500667996,0.5436487496990802,97.42231492672101,47.038861463191054,0.684761747036694,17.552660049720423,3.0,1.0
20.340521662736176,25.812863376337162,0.3581247505973685,346.04634855156667,31.02467842034389,1.3182386687676328,24.6059651475832,2.0,1.0
28.61086610927246,50.50448637949762,0.4613413878128365,193.79615955088138,47.344491718381896,0.1407144214178393,21.703430878237214,3.0,1.0
11.231963319564594,15.469609306082669,0.18510513592488276,582.735379407836,28.08481875929187,2.1214231411236386,24.133249648351168,2.0,0.0
20.902362617239564,37.920851247849384,0.3118490531096266,147.03625924105464,45.21201326849209,0.9045881298366639,20.69638658709783,1.0,1.0
14.323486711505847,26.858032047111216,0.2395591874092332,387.8051567100936,32.20331219639225,2.260001700209353,24.210062579529154,2.0,1.0
31.558199498157787,57.25119452356609,0.49399781898589745,117.67600396697769,42.52710495721342,0.5121324624706719,20.838078255781067,3.0,1.0
5.343945641624682,12.866822728954837,0.06752260611389364,858.8605747168164,17.79808299009685,4.665495680573723,24.216995478382128,0.0,0.0
10.650367449106737,21.20829324568774,0.09882122715327793,601.1872152568311,20.87724739441479,2.9560557987815517,26.50961656003983,0.0,0.0
5.660996267971904,4.37681114651541,0.026616832237297078,934.00987754521,15.700942172204952,3.97636347997591,19.044732178594415,0.0,0.0
41.482033902672896,70.57240083057239,0.49005120825036796,78.0900336696184,49.608916157061955,0.43358820939264725,17.316617531810646,3.0,1.0
8.067137175277455,11.300292657772161,0.12883704011765298,641.6430772203225,13.198274941412006,3.4289783370996267,26.497174733074182,1.0,0.0
4.421370376590958,10.141834989638534,0.11627030596702992,896.603746753755,21.19251210702313,4.751634671607068,19.32253836623458,0.0,0.0
17.298056125996588,19.505763778803438,0.2710088760833673,364.35991572598545,27.528696310031474,1.4467118887130104,23.502844133578343,1.0,1.0
17.528964779280546,34.556071578632555,0.3143327987572709,234.39590834064012,37.456670166566475,0.9453460549501853,20.874832019267814,2.0,1.0
19.053962782727506,28.030240721576533,0.30828815859691705,325.4376184503515,28.942638805086773,1.8444890591360876,23.859144646930428,3.0,1.0
10.326001939410608,23.544989882256445,0.17646072209443878,568.6689251142158,16.989721934039075,2.602082758825556,21.86657131428869,1.0,0.0
6.6380282679713565,12.49363189598011,0.10414391639512496,878.2182811008837,19.02403277803597,5.251579573642039,22.52397624890521,0.0,0.0
25.277775042690752,42.03774488665177,0.30516937997831606,214.39098225890493,39.14085198947984,0.2600494512383818,22.864449479560765,3.0,1.0
26.392118474356096,38.31158891628848,0.393154152709897,177.78108463797923,40.37927322437421,0.41585189439188086,21.90725511584848,1.0,1.0
42.30065364515668,68.73828479210133,0.4853992058668766,84.52167257034807,52.98583355773156,0.6379098167641457,18.056530400581213,3.0,1.0
4.035961005578191,7.253070417730594,0.13154899248142904,723.9570001933178,23.362809537218737,3.470888576081848,21.898830162167226,1.0,0.0
13.387223510345176,18.042141513804946,0.1960521596438813,565.911075669964,25.641323730120813,1.989630728046859,25.35857640074605,1.0,0.0
16.24509883766104,33.66350059705844,0.23778854407003167,268.818107582057,31.11438206495253,0.9357719426655836,25.633648504271168,3.0,1.0
21.632588749268034,44.72713483307505,0.37534458103242996,107.210472796238,42.467296935317854,0.40525614457232784,21.402691114421167,3.0,1.0
26.76212437476133,47.16235816724896,0.39857249508164033,168.734730580815,38.03170829198307,0.9807767015695861,21.254024280463497,2.0,1.0
12.588164077586429,23.427638512741602,0.24015230948648547,450.5806482277491,27.797627665959574,2.109848986183427,23.621358223161153,1.0,0.0
14.94618040742561,26.44134241880353,0.24562876635953537,332.9764605469831,32.62274343245124,1.2518089950356408,23.998582778340875,2.0,1.0
3.379134842976536,15.05447683100316,0.10589263358015741,913.1299141851666,20.84684466842129,4.372840324617983,22.426575613663676,0.0,0.0
34.85955275885075,58.85156198055063,0.49305634584868807,67.75505250261826,46.96873044146967,0.3364383192598638,19.25082321067218,3.0,1.0
5.338170420535048,0.0,0.015484268388956529,1009.3137956156318,19.519578655018968,4.000498619277776,19.404565723987606,0.0,0.0
3.1438476052737707,7.6319018406594115,0.08558158113230771,989.0779343487474,14.36971311762896,3.7641238829180352,18.002883034031854,0.0,0.0
2.8555081700766887,6.1152478222180235,0.07455548181357238,1184.809077927655,12.38640597636284,5.599017126915306,21.823547901946018,1.0,0.0
35.87484897144587,56.997811243987805,0.3857575637611036,113.81274429297399,49.482120057637204,0.7058826143312096,16.864822239245143,3.0,1.0
26.690900920327234,56.07753419121414,0.43694043204398336,204.42138987176745,42.24896158096273,0.49074477085241824,23.137687779880558,2.0,1.0
6.328861960597109,10.323762064137128,0.13311609207743905,668.1358378320888,23.20924123360804,2.808763042704716,26.212616765399044,0.0,0.0
19.740837777816036,34.48091110240617,0.3192586740479323,264.1924801598517,31.927452078656795,1.3879900327318686,23.755314135075146,2.0,1.0
9.779488199271047,17.03920484237946,0.2131218974054132,602.5732614942442,21.175701923633532,2.2181057922062246,25.33150396715257,1.0,0.0
23.42098629732922,38.98301331582071,0.38735636520405065,156.163625757859,31.53209512526642,0.5151570014872361,21.924901962654253,3.0,1.0
29.73726751285342,61.49281387183377,0.49936162145623236,112.21655824542314,49.51200981752241,0.29529692021058884,20.483562044876713,3.0,1.0
13.309700685423916,22.841194314484138,0.21915495189542986,399.6019123711615,22.0073721818984,1.769990631969313,26.181908308603294,1.0,0.0
11.835663945774169,10.20195874229128,0.10748770326234533,663.657279224614,22.300365713701893,2.7770184697923312,25.65673431776543,0.0,0.0
16.670519134398862,28.451912682372217,0.26187710847932255,377.5048468419614,32.132005088585025,0.8424064031160358,22.86664824773969,1.0,1.0
27.613835851986774,54.20127820910542,0.4016699662773111,173.89020059246496,41.99513484910986,0.4468495654655714,21.373340953699884,3.0,1.0
1.2176872554943148,7.234539532419278,0.05102965990493162,1193.123069915635,5.979209013056293,6.175758758585164,22.05801087443788,0.0,0.0
0.5314480574211606,2.387877698167781,0.030026003896946887,1231.9554954037092,12.480691093840218,5.665463270247389,20.62179988349838,0.0,0.0
27.737959796119434,40.050172965175484,0.40625330912230495,199.92576164351698,40.5718123266664,0.35281632979200417,20.575861008555947,3.0,1.0
29.245254079624644,52.608912800466776,0.4490436023172185,93.4302615521703,43.527138416022204,0.7703809308684844,20.38281205381427,3.0,1.0
26.904357151513558,46.96072948479575,0.4363228854285787,171.1433690028375,40.75762765565817,0.1,24.706870567366845,3.0,1.0
8.53825014697298,13.544923914507399,0.179394236910787,533.6953083980505,27.27607851086459,2.5482325823341387,22.07730656947289,1.0,0.0
4.253719047590006,6.149053408014648,0.09078854977224696,1134.3069813478585,14.319481940870276,4.747010506614514,23.05304548550099,0.0,0.0
10.0380804348559,17.424340894707132,0.17199590938804762,509.69137194940964,18.084122710858153,1.8383554165682532,25.571281221164643,0.0,0.0
14.01816596520884,16.204366450747976,0.1878166892892979,452.902647553164,20.155750413126007,1.3663445556764031,24.54287140609579,1.0,0.0
2.6630858992176236,8.668173787038022,0.03555630523612431,1220.7792639875504,12.70003593852294,5.757079845972917,18.139451967958376,0.0,0.0
3.613679743053385,20.278983350800555,0.09130342100955724,900.4890845108433,18.234345334956313,4.709575120132861,24.32076603232345,0.0,0.0
11.85965276756192,20.218797354033946,0.23485714519138712,500.52322194364183,22.76202765873567,1.2000076168306522,23.637107656897072,1.0,0.0
0.8227662834003073,10.547632316011942,0.0657462416466619,934.0101884172213,19.919708871456255,4.21457097516737,19.40997331276569,0.0,0.0
1.5512254532840912,4.428906770895397,0.13202125863267858,961.5262766494839,18.32328016635763,3.925031879256386,20.438223263178198,0.0,0.0
40.56047189200499,69.35224741374695,0.5533957937373093,68.05261801764937,52.52753932470859,0.1,18.34728668589667,2.0,1.0
29.74654731687449,54.173813062204225,0.45483347876568536,166.114134326454,44.62884848958454,0.6229396539574603,19.778275602386344,3.0,1.0
34.141825886749174,51.31525066841347,0.5327055447429818,100.74063291656975,40.110481270356026,0.7591283578776868,18.87291724597569,3.0,1.0
19.609159271475285,31.314640486070928,0.32132642568839725,321.31284585319804,26.91991872577715,1.1484725857920115,24.89204779497122,2.0,1.0
9.169459877000277,16.91703897714785,0.14251033385343242,626.2262688466623,16.959643013653697,3.5543600987106307,26.785794465576515,0.0,0.0
6.338428073799177,10.694449928160111,0.21402238207708357,580.1329469879839,26.313754242753635,2.3605710285653987,23.70906096930402,2.0,0.0
27.87403766842432,59.12104092119571,0.3979866815157786,121.81246534215755,39.16074255814574,0.8664270780175856,19.938253082649098,3.0,1.0
15.865506191810521,26.729136384492865,0.21448508259039634,398.49377187862575,25.882471504398584,1.3860754291418864,25.181618311967146,1.0,0.0
29.275223258758448,40.083289711048984,0.44115624185866475,212.91856315625046,41.42789758653467,0.4204816635329208,20.853216844758176,1.0,1.0
13.468440543327569,21.717395269070213,0.221937095031851,407.47219422393863,28.395333653562858,1.8201580968287092,22.371607266040574,0.0,0.0
14.951663585319226,28.42220197694909,0.2825048670844282,427.6546954583582,28.537589163064336,1.584139346081751,24.02107891392255,0.0,1.0
3.2424243975321643,1.8190195659617503,0.06903166972936348,999.2762735300486,19.775164804099248,4.348514380608855,18.174197259226613,1.0,0.0
10.511415864554637,14.87007460023246,0.1734378596114754,504.9090129100638,21.909876529755515,1.4977318552724093,23.688657650671097,2.0,0.0
4.262915592690712,0.4272187065998443,0.03817569201941313,1158.13687070671,11.804584992813336,6.134495268729047,19.01929780346959,0.0,0.0
20.771605550249397,40.078453050399375,0.28264548272119744,290.7285889915042,34.56925523386359,1.1255543677471165,22.25502342180763,1.0,1.0
42.84869903285023,81.34633218183615,0.5362694631496278,91.40138141327292,57.32067311862044,0.1,18.810003958978506,3.0,1.0
30.89776751991874,55.61828570502006,0.4814351531765972,139.03909557998134,40.60408414011617,0.48043932392923316,17.47943104026243,3.0,1.0
30.917507180064472,62.51833032832527,0.46106257608983137,125.1028262631921,41.35197168497475,0.6572841035958246,17.522833624453714,3.0,1.0
20.04073814763583,19.727455191741917,0.260806621605277,396.9413796381497,30.868122948588226,1.4718495627058696,22.197654443268355,1.0,1.0
18.29441137515262,20.902118495783835,0.20648091472069255,353.0349778632077,31.21140939248779,1.3994702964928736,23.752913281935786,1.0,1.0
28.875487526539537,42.53260563603314,0.3469653457662673,226.6831331258125,40.7401913532608,0.7190904873975127,22.660221791049636,1.0,1.0
14.792246552508693,10.556660086795684,0.15671633333661342,601.3813423382882,26.137882808146802,1.9272250891130618,22.201193512356536,0.0,0.0
9.895392532790023,11.815143893799101,0.09260868553635859,643.432383552492,13.395395053945679,3.2906423442190103,22.87349589795145,0.0,0.0
9.318437029431767,9.442563548705344,0.14364505870331717,597.8047995118552,21.59155235459105,2.8117803522650595,25.535320108748557,0.0,0.0
23.897162918097443,44.60159311174968,0.34210090190873843,241.04683950405865,34.04370893340124,1.0826256506110643,22.307054726122452,2.0,1.0
34.026737623621464,59.95917759843627,0.48190150177913155,68.1482906027487,45.26223540546712,0.5104169681428498,21.267909945563144,3.0,1.0
46.20756293910592,73.39299532996618,0.5510307239932681,106.8532645356506,52.88811018936106,0.1,20.536842623953667,3.0,1.0
33.79262545640601,65.83463009175065,0.4832403636731699,45.88587918887091,48.650832982787236,0.4964373785004399,20.786062156055312,3.0,1.0
8.124260793676722,17.683185875673388,0.20420114448785742,480.6828481274263,21.898379002726056,1.5669825615216786,26.550814762970724,1.0,0.0
16.631321084920355,23.58327542904494,0.2646848703450881,280.2654697639203,35.5518497535618,1.378965813021413,26.43126576512185,3.0,1.0
4.970872073480977,11.46046326835136,0.10006980563312415,986.1226219873248,21.636700852279432,4.052399334662609,23.12247318284646,0.0,0.0
31.42836951612586,60.823364361876614,0.43676782446563556,109.05213679493572,45.903614157275165,0.13180285765912064,22.34811558473938,3.0,1.0
20.192894782876728,43.36608396752373,0.3732601316271816,209.2513063092735,34.59510074914173,1.2940376326265937,21.73274786455514,2.0,1.0
16.76463546408551,22.168326979624617,0.224402829917706,366.43490658265966,26.552714993239444,2.0681352269496145,20.84372943075294,1.0,1.0
14.567654728458525,23.105711097791943,0.16288845192556747,400.4778450186584,25.936273635788098,1.983496731010596,24.620569070431966,2.0,0.0
10.741532473225162,29.656436863073445,0.16168746313006643,417.5043466000185,25.70078524378473,2.435040916489156,22.745707723943745,1.0,0.0
20.468343268706015,43.67707667745216,0.32427795929041814,249.33665342575082,34.53872052915138,0.9756143402380926,18.61225096553568,3.0,1.0
6.910777142359702,3.2098707549393515,0.07318550708255163,1066.8792309958285,9.52925743010286,5.043924287552781,23.742254572722963,0.0,0.0
23.630246487509467,45.1962722925692,0.36018394351305677,193.25600221027648,39.98313619297614,1.0584108013643894,19.847346724644762,1.0,1.0
7.527948618872316,4.8645844525654445,0.15012181984741046,923.0096379414011,21.005493633784592,4.6201508870588315,19.493409289209467,1.0,0.0
34.18523718251365,55.197155343249705,0.5095731361249589,89.94311649905407,51.181977088044704,0.9809758980539602,23.17052580293533,3.0,1.0
33.73645850699915,55.37354187421538,0.44316466335145177,81.40745029986758,45.81093106786033,0.4647657874106792,22.42323791583512,3.0,1.0
27.97818203222231,45.94263035194879,0.3690155647759644,133.45189984204126,41.98982283411108,0.6848806892644577,22.49660271364741,1.0,1.0
43.21669042531844,80.22364829994615,0.6,20.0,48.829341209735276,0.18055315772412664,19.85400875938795,3.0,1.0
5.105344419630437,3.5232546713545236,0.14073820466952558,1082.2186398894078,16.0772972950583,4.467403690447918,18.245422610337,0.0,0.0
14.514979135411114,26.60715028490828,0.2914009475153498,366.02090956957085,32.66785754764249,1.5242019586808049,23.19050912791782,1.0,1.0
20.730141808323545,37.486676661641795,0.3439929999382992,250.9066945874192,43.970088540557526,0.15159167221239245,22.170846357997718,1.0,1.0
19.564500079880492,32.17041772649783,0.2661210725882864,310.5004309847782,25.524292611920625,0.9747860514358104,21.65983423963572,2.0,1.0
28.88014719047036,57.97454194097834,0.39126850506331773,139.14497071742525,40.191196918811904,0.1,21.124083807756627,3.0,1.0
21.612205140916025,38.10853539272735,0.3982679563257976,202.2291407016672,39.35633044575989,0.7219909476536687,22.235747027410397,1.0,1.0
16.342272462921567,19.176977751091208,0.23218175002998126,335.3787666078807,28.2616149761118,1.8741910951994032,25.203237058475143,1.0,1.0
15.583098443461394,26.338916364570153,0.27306274111662737,304.83405497856694,32.221468801231595,1.1270195374082133,22.769053429045325,1.0,1.0
37.51497531517891,54.424729408503175,0.4855235819498451,92.07255578172814,39.56811505014575,0.21980489304965733,20.672619874218665,3.0,1.0
8.25123555466577,10.704452470438095,0.14057716879386806,682.0196075443256,21.386227447994422,2.858026133316782,21.73968389121739,0.0,0.0
8.930457792918927,7.158952836612245,0.20284702643424074,548.3238677221859,23.345492452647512,2.8817621897756505,21.01330015416408,2.0,0.0
19.52865922826077,29.57092376152796,0.262512993965397,353.8236310136765,27.77718865895063,1.4567679916215641,22.9154764525709,3.0,1.0
23.367853282316528,44.24378679240033,0.39417853890668575,281.8247022750293,36.63032976121381,0.9512428571454002,20.45727586649296,2.0,1.0
8.945122506177961,11.98570740167092,0.15847917092258218,450.48020620403844,25.583734176300794,2.1039552694581887,24.832394144123725,0.0,0.0
5.835485240509913,12.40040748671219,0.12628021356072647,906.0596537708127,19.276903211339008,4.510946029902359,20.53822889169883,0.0,0.0
14.943206455959247,22.53725206051018,0.2554840513819222,393.63415035031056,30.572192179821343,1.562442528984792,23.57655157477521,0.0,1.0
10.490139613767504,23.24290666895606,0.2726021388193891,453.5549454126505,27.49432958720379,1.6144275979077873,22.885598855563078,1.0,0.0
37.03742819858893,65.12249982366886,0.4491882407339484,131.5266472284061,47.51652327277539,0.3941455591744895,18.638196787283885,2.0,1.0
32.90273606289093,58.65725063247193,0.45437922996372615,71.0894774742276,46.52369844503008,0.5546251596776582,20.488899009205173,3.0,1.0
4.503006931000689,8.499614691907883,0.13257776728330647,619.895574542804,20.56489892541473,2.963493394293819,25.612144087854915,0.0,0.0
13.193413778441782,26.58427769060154,0.30721846993365254,431.16119054090325,29.304426488875013,1.0401576298970383,23.496276427889516,2.0,1.0
5.109389730749252,9.765679039571802,0.12559045564730492,1091.65640406901,8.288721783066219,4.85513668421266,22.065565595487975,0.0,0.0
32.44561584426682,41.182980588636006,0.44755842917147637,124.4291430116075,42.113569413422056,0.28285750091683304,21.996497823694547,2.0,1.0
0.8184700061276144,9.489409857880236,0.06794382615572225,940.2733764522945,14.80727436327142,3.933981025764127,18.336230810169557,0.0,0.0
13.468298153031293,19.953845575503465,0.19233486047738987,436.21560568046914,28.88600934474658,1.2671115679559788,22.765336489326728,2.0,0.0
30.600897673627724,54.744252389206295,0.5001073577248318,77.24276499271727,49.807133455004845,0.3136918633795453,18.132378818137283,3.0,1.0
9.938535605007267,16.794599585640412,0.133144616612467,615.5033044984305,20.46454521899662,3.473718763870093,23.08227083958065,1.0,0.0
7.4574611666450386,10.988361399847923,0.11862915087366263,613.7324612788739,19.778952324579688,3.55523434273072,23.251038721479308,0.0,0.0
40.205381033497176,72.85231023814515,0.46508990496800473,134.4174150368649,50.744074150056605,0.1,19.236212193023288,3.0,1.0
33.07395224139976,59.21811647515743,0.42786276585010596,76.16736649443482,42.718362314072166,0.29007199581007326,20.072639685822626,3.0,1.0
26.143227091786017,48.823905047035524,0.39767919532470486,171.07724381869164,46.11125622189991,0.6408954458725717,20.872361759469726,3.0,1.0
28.66102366999564,52.03658309407736,0.4831644405702634,45.69955331909934,43.628958540443406,0.46762304278899774,22.54518664811043,3.0,1.0
29.729549288223115,53.415898290068796,0.5192345081071843,86.08472021032671,46.32801052826764,0.29461575928564177,20.344641692734022,3.0,1.0
16.94510125988465,39.79393866118211,0.3447328637244787,203.08986799285043,38.759556305421775,0.5948235423951576,24.206972466639918,3.0,1.0
31.867676892388836,59.38112155975231,0.4336313930356391,85.71982214507408,55.40060997862997,0.1,20.07541868244137,3.0,1.0
11.867262688781114,17.47604307341153,0.11548437888080221,646.4590419700567,22.68855319829013,2.411483713721112,22.957032506157194,0.0,0.0
32.875340976856045,51.4834711698841,0.3902599682329725,121.02519687312108,42.71015136307918,0.7035648963863155,18.187701516747435,2.0,1.0
24.87430178525485,46.8160249023754,0.3281493719866171,142.5418192373692,39.002136529387144,0.6949205042382856,23.911951555067365,1.0,1.0
16.23015754160189,32.740652125757364,0.3069490764906711,299.1870017750975,31.027352637530704,0.8167886599348146,25.366360552550624,1.0,1.0
24.833947947675128,44.82996499709815,0.32790881742932,187.02272728630763,39.23517532172372,0.49573549736095157,21.635906697680753,1.0,1.0
7.000074891651827,4.4578816934182655,0.08910236786469314,1105.8325166343343,13.30959339587134,5.019805624802959,20.281912417172638,1.0,0.0
16.900109342370293,21.64168401625549,0.26460526206902474,410.3171877892337,32.986580075022346,1.4755632036666362,24.013236270898204,2.0,1.0
5.155033909214423,9.031583355710875,0.10933693687149443,983.4341759164381,21.372217831837684,3.6918967788687667,21.76257735989086,0.0,0.0
21.106817387890217,32.75137519292304,0.3682112211074736,224.61243427679256,39.53492473583329,0.1,21.912803528047416,2.0,1.0
10.26425507131315,17.22824228812015,0.20701364858340862,501.9032592609896,27.862353402373518,2.4996359659496767,24.39464562450031,1.0,0.0
13.778564908500504,15.045479635193976,0.19278469678938553,470.58835245549574,28.405963371927875,1.8990365236372666,23.537676107758756,1.0,0.0
23.306500217983515,42.28966015091402,0.3620374032240266,236.99337609978937,31.91183548144132,1.5100377235416715,21.728850026976843,2.0,1.0
19.01838706700716,30.476050446057656,0.31622541945355004,217.80726014912153,32.453286030888606,0.6073947607032584,22.769748956645323,3.0,1.0
9.267104460095203,15.066678690977149,0.23392607893547435,509.04909856288566,25.900907273039785,2.189703914822631,26.97830176175157,1.0,0.0
39.843338302139685,67.93812290766456,0.5055951315042087,70.90421983945532,50.33594579786377,0.1,18.590271630220148,3.0,1.0
9.688569150469192,9.053590384867876,0.045668595487830796,898.9900876757263,13.932162486362625,4.331972064855547,19.97854754926382,0.0,0.0
7.461141283532959,9.158297089763073,0.037152965561387113,926.1861103481697,22.98159761222358,4.876714595082245,22.1628775935292,1.0,0.0
7.653585552357875,3.815870657930402,0.19085721170052594,603.9125732252794,22.97390391760398,2.330413742315804,23.4668072186673,1.0,0.0
16.022126175785804,19.668400037131367,0.2377404274572592,414.32201307189575,28.7976335134391,1.7540788381704535,23.403012337666166,1.0,0.0
22.516183953202674,38.12671393009414,0.40149621972562566,211.27287285052492,35.134173503921566,0.9898752453496115,23.876326927919724,2.0,1.0
44.09325515874033,82.61791325164043,0.5488014760718963,20.0,60.0,0.22995225579544126,18.921983828774433,3.0,1.0
28.563153520630312,56.190814115259144,0.4252842782991097,117.14029655729045,43.31112380577158,0.4886815730929743,21.66286442047741,3.0,1.0
33.663283672018224,54.421886248538094,0.478798883774367,135.99037626747548,47.07046529590778,0.5355379756380163,21.2659271007784,3.0,1.0
21.432627558145654,36.968840608712476,0.3076745719166646,198.10793668680898,43.484440397929475,0.4702426726991485,24.696020537736256,2.0,1.0
11.684235136166823,20.503239813941175,0.2806746071800174,441.6380424076958,26.90211449427193,0.9613522629844861,23.19646932278465,0.0,0.0
7.949307291514691,5.667884381630727,0.12665422431876708,877.5988831115732,16.798538265398587,4.125393454371423,22.260315122630796,0.0,0.0
14.09401068144942,27.22198346550121,0.2807482720558857,332.5123778023652,30.827581382372927,1.1786793786777445,28.620604203196365,0.0,1.0
43.03408617190959,70.50203549792874,0.47765272944624815,20.0,54.41228742296215,0.22858793574807026,21.333567966874373,3.0,1.0
26.490245043975314,45.35626995583942,0.3626630005756336,219.93987756182423,34.06693438584222,0.8078230394793319,21.865676258457214,3.0,1.0
31.701765713569774,61.37109612039611,0.45383821158960674,97.07218329536757,40.94985360087152,0.1,20.01150978998226,3.0,1.0
8.751181521304815,10.338430974851777,0.17200360399814404,681.3501398485745,14.134234522725283,2.53368657626292,20.998473017960166,0.0,0.0
23.06860409946033,40.05076705645084,0.38411759739925044,224.59304208426462,43.13075117335194,0.6528799380280513,23.168950709098354,2.0,1.0
26.03815711952278,43.06364523253604,0.37319152791370924,178.78359120729527,41.902918798991,1.0592073500767119,20.073255582171818,1.0,1.0
9.167480791159461,19.492264265328398,0.20826953339477305,562.5673483411836,16.898031913564193,2.089938462248949,21.516540959744876,1.0,0.0
10.565834270167796,19.11616297613603,0.19633748553126157,567.7911182178924,22.839457516258026,2.4120129175638,22.848389413094488,2.0,0.0
30.568055949163135,51.79589527206672,0.5151558799663711,147.27161351121293,46.05637153392382,0.7968778481006595,19.172487292929983,3.0,1.0
18.66327085993568,21.432012022186658,0.2927335148472182,353.1131948098884,32.142851928304125,1.843640095967802,20.777348226539626,1.0,1.0
11.90287753306695,20.399533094213876,0.18717475645812104,551.1879645415642,29.596540626850246,1.727187425741276,24.917613909996607,1.0,0.0
29.610097420164266,56.16998772518135,0.48232370879237174,87.01490797974327,43.71854893745334,0.4558716132334132,23.096037735260307,3.0,1.0
4.200458307890404,10.16845270735567,0.08346602596390901,1124.5026942177103,17.16876712419589,4.317094838884231,21.68256643186867,0.0,0.0
1.33752138224321,6.116960404883999,0.0,1231.11514417596,13.897748398926591,5.62713852418106,17.596384090571398,0.0,0.0
3.0458557077171977,10.038664836000093,0.12932746440328569,1141.6937773928548,19.85516951121085,5.004738290317212,21.18647503958453,0.0,0.0
19.395176660887866,35.909839114422994,0.3271998051538004,234.00516612804427,34.510398476755825,0.829533748986075,23.253110764512925,2.0,1.0
3.524864858075305,13.601760339193302,0.09758730250432039,1093.3042114122138,12.785095587259754,5.105629287296558,24.258895036000098,0.0,0.0
32.57751930710414,58.84062818823982,0.4111867452389497,125.02097398818306,43.646670000803084,0.46075140298068856,17.88517942312501,2.0,1.0
3.0412456245171793,9.947549776444115,0.0789074112977315,950.8572003487544,17.080083185202675,4.250977378935864,16.15110264897992,0.0,0.0
27.726962689280768,51.797566188240374,0.40658561256353154,123.0860493853281,36.77721425978877,0.7357112168790076,21.593126363151363,3.0,1.0
14.187385159889036,22.241257380521915,0.2584694486946548,407.6426313889718,24.01673650257528,1.5331676937070593,22.686611683984367,1.0,0.0
4.340123445011637,3.13491984867386,0.054878826129924535,892.0500625894346,14.296632650622335,3.6279111067441994,17.95197390265953,0.0,0.0
10.377229312427255,12.205212258964767,0.17943877514168932,503.93806613514516,23.996070362934862,2.0718643162607693,26.842985863428254,2.0,0.0
25.804632872823156,41.59510223289028,0.38080208291058165,192.0208733393464,41.6528099493962,0.22280525255250083,26.543639487211824,2.0,1.0
27.363603810197066,48.19964380996321,0.39602384356384024,186.4623420819037,39.50232195146085,0.24146743192193826,23.038352328202386,2.0,1.0
8.914287504679324,13.29709476076058,0.12265219870241562,649.7018369214908,17.531617898546905,2.6673705313785017,25.55104052372123,1.0,0.0
33.20568849435594,52.719254659407625,0.44853144551075574,111.25681977158874,47.970249491981065,0.6044027276964268,16.785583157460273,3.0,1.0
14.790897222862947,16.42280899918233,0.2554056410776421,437.66673680808356,29.22763773581964,1.3722226202047303,22.85789923584183,2.0,1.0
14.183866058480069,18.76107210252947,0.26444522892973915,404.43709774870786,32.27654329751639,1.7498836328475125,23.88154235280172,2.0,1.0
38.786073108254726,75.34045067121639,0.4792522904163254,67.2350256753557,52.9007522032264,0.1,19.464333470150727,3.0,1.0
10.086679193998096,14.002056815022389,0.13010723478523836,633.5862298038468,20.201361148780524,3.2777898389556688,23.054253555451417,0.0,0.0
12.066212011219681,11.463322393224125,0.16243480165440805,517.6268462363671,21.843928283248122,1.4178322985712035,22.543675691784227,0.0,0.0
25.46819059434221,32.59792673849852,0.3880298911377329,160.70260230920914,40.4831818192387,0.2293086529537942,24.863439611898116,1.0,1.0
27.22523650997057,53.012853785664625,0.47479941237935813,162.523411032324,45.50616838269371,0.4264077541436593,21.934153687841324,3.0,1.0
21.646713658954344,36.95693605420014,0.3341560984363003,238.49746174093204,34.01709968807012,0.7815012194734778,24.15229119215877,2.0,1.0
15.041588611385505,18.028460350465128,0.24249815178834516,369.3936914588084,26.242939554027327,1.8751134259471849,25.110631821071628,2.0,0.0
25.339768980431483,40.419732375491165,0.35771437166126946,200.13825561101126,32.77956836618539,0.7360355111290574,20.853568956338886,2.0,1.0
30.890062881114616,61.09860346116336,0.4465107030678642,103.35370998255912,43.51864062006503,0.1,19.24539225322162,3.0,1.0
10.318815152316262,22.99220172314613,0.2426595249473607,361.891576568567,34.119464008658504,1.6009646069356656,26.007659641919087,1.0,1.0
29.40733943470263,55.362454406899104,0.41633542754674424,144.876451301648,49.85388342886466,0.1,17.631120533851256,3.0,1.0
21.1958231465043,37.86187296790966,0.32232915692664726,247.4961253484999,39.6937015840316,1.1878242894932987,20.16276236489351,3.0,1.0
9.32734352445944,11.788460488479275,0.13698580238736544,565.0968053384722,21.769198677731517,2.9053379811310927,26.343995815620453,0.0,0.0
12.292422711795172,17.445995912240186,0.23510577002211686,449.84877389329415,23.670343922716913,1.3423155209864268,24.828186877094765,1.0,0.0
26.022061864508316,55.121694720169906,0.4669011912529465,98.40639076952334,46.919879071984596,0.1,20.256652102899018,3.0,1.0
1.6389063550170162,7.39682537972616,0.09725508541500215,693.1364696824186,20.503074604578686,2.9051110390905466,23.738000535011953,0.0,0.0
17.858559902199573,26.567208034848896,0.2773199522963076,310.2703387726941,28.39242982029181,0.9876141208092293,23.741323856957564,2.0,1.0
27.036476422197275,56.70462935407317,0.34380255413877564,182.5870462589159,37.94715539072288,0.7051499315374193,24.0747357537002,2.0,1.0
21.897952288843353,34.112927769040425,0.35162400378290265,295.55080785933285,39.40994911912664,0.5482131389874564,25.50797641083184,2.0,1.0
13.378539338250613,24.415325687445662,0.2300148990947168,438.85916678804523,19.56529950455831,1.3643269362125074,23.27735090813632,2.0,0.0
24.394977080076348,38.17401756198362,0.29614612410140395,241.56725701824445,42.07815566969224,0.39013652272933225,24.263860029741252,2.0,1.0
21.764234341185034,40.63153003000143,0.2968445720690865,197.47038033909578,33.985710824806056,0.8639197306103983,20.901019374298862,3.0,1.0
9.3059913376973,13.314819950428037,0.14811080194226534,692.0738610900049,19.984196670042547,3.1216993371599675,21.090397356629595,1.0,0.0
0.0,3.967947107317288,0.05692513044073548,965.3202841357643,20.816726496118672,3.8135217864487947,18.000174419073506,0.0,0.0
8.55110464391012,7.027635232188282,0.18379103312287,463.49001101615715,19.618755000866173,2.140731550969724,23.118151656519583,1.0,0.0
5.717776426401535,12.302034911026738,0.07010296562281532,764.1484694937626,15.046238470729941,3.0469266061262004,21.774328380622773,1.0,0.0
9.315925395505921,10.87143252015272,0.1723247333668392,641.2133887688603,18.81182599688948,3.2159348855001877,26.51253174054102,0.0,0.0
3.756706754100815,8.659569818687888,0.12931917298694365,729.2641095021253,17.002118577121006,2.7116188502548577,22.203039979138325,1.0,0.0
24.051676629003357,51.8397682039984,0.34290333199553796,191.77313112228683,45.2712140245935,0.8323748447467357,20.31358494471376,2.0,1.0
3.9153396048212983,8.442777516985718,0.11308419153378278,915.8553864241785,16.459208848693972,4.357204942702433,24.019891754802977,0.0,0.0
20.068159329176854,41.44836794859256,0.4057461027898729,232.4285306718917,35.2994555953654,0.7728244571634564,21.516922104557935,3.0,1.0
29.994267871119906,49.90714890434641,0.4104660074367308,53.57195442346345,47.45260352953589,0.6482972529205596,21.26532543683318,3.0,1.0
12.593266346348274,12.065993167196813,0.17559565895024729,516.0909337061566,21.16559061902685,2.292102051990199,22.368648492785624,2.0,0.0
36.96046564384454,65.81802713073031,0.527750454328119,67.38653642042998,53.63350811110013,0.14580888416744703,20.238171248483855,3.0,1.0
23.971190645929294,35.732355308996844,0.3399730861085081,249.53819594678833,33.74469767969143,0.7521645926194649,21.575673251035937,1.0,1.0
14.875477144093587,24.312262253570424,0.21999203885268082,395.7812551915804,25.871844553806675,1.6729014244253522,22.886233097057836,0.0,0.0
12.049585151002644,12.486004836121982,0.1515575506066592,547.848809611451,23.28711444004523,2.237185315651993,25.221803189542985,1.0,0.0
16.194747527137118,28.55598892845933,0.2924030548866154,245.55464399505314,32.340004895946876,0.755322468634255,22.475206005385346,2.0,1.0
14.416192591057662,12.084640164983563,0.1959022601279815,453.2384940292159,21.030745809417528,1.5311649810041827,22.257171846006543,1.0,0.0
9.150569000985703,10.558022790605904,0.1334713244110447,526.9391579359507,22.556637176691687,2.358258826923086,24.13744804303039,1.0,0.0
4.615960433646055,9.323963879755556,0.11980032990120251,905.5540656244276,17.667221234556248,4.354016103088946,22.192486209233966,0.0,0.0
27.130915189164824,46.78911313510034,0.4782773153649189,136.45874306755968,42.46058537175105,0.6353968474230235,19.294960321618777,3.0,1.0
7.6342153946179705,12.576657852059164,0.2325101012841856,519.1032811798734,18.50623915588472,2.2475145239068297,22.923252667183494,0.0,0.0
11.64509994915195,16.955314232808057,0.211879669008291,523.6425632230441,20.561998667513855,1.7036891937033238,17.971318264854187,2.0,0.0
17.245827819398386,25.96520296857597,0.2917057753066721,380.02450828296753,37.02884022738031,1.6348477499134284,24.948655346081647,1.0,1.0
21.061498058081426,36.38239799067652,0.3255263682449428,219.48814595338658,32.8779711390512,0.6247312720423744,26.56103043123916,2.0,1.0
18.396026323006975,21.472253140424982,0.23756814414346278,318.0289370650964,27.55885580590586,1.5793085783874548,23.856628333359176,1.0,1.0
32.98428960263711,57.55499152857465,0.5023255775622532,131.04134799669822,45.86776614338123,0.1,19.944115286381926,3.0,1.0
10.606149547041639,12.425655289151337,0.18710173856170373,563.4806647588406,30.212658704452657,1.718174193989311,23.296175627696613,1.0,0.0
21.794141557438518,41.360321079457826,0.4253203645737989,247.76152863162227,37.41878507432498,0.593250260481668,20.257598376722584,2.0,1.0
31.080882974605057,53.816630340540506,0.46375035895511446,130.13148396692503,46.35399709713451,0.1,21.645624213082915,2.0,1.0
26.26792281037402,47.82435978594697,0.44477558009483126,94.11409240646293,40.39568323182659,0.3545133365367155,18.54554732235081,3.0,1.0
19.13049424794946,34.05699039992355,0.20924607573377607,358.36621294101127,30.166190735350003,1.3305145114921333,22.757395167377624,2.0,1.0
18.489751203102962,33.15610197447625,0.32209738512493646,230.7883531084826,35.064829087619714,0.7906703264310551,23.91805897171409,2.0,1.0
30.390879919251375,58.34194157260771,0.4447881255827071,74.86766798568352,54.320608571977886,0.1,20.950300897966475,2.0,1.0
44.83956948933802,83.0913361970656,0.5757211409552692,90.1597807699894,56.491245823009606,0.20689774887191797,21.914442152266723,3.0,1.0
19.16669389948304,26.69145181344691,0.3562631904600964,274.7060327454942,29.303606241593034,0.9685808353669817,24.576263822006496,2.0,1.0
3.1020727235628494,8.600518386708249,0.0906634120432703,908.213757758586,16.39033873758892,4.226724580935889,24.490326540968987,0.0,0.0
5.635047524498512,11.426701592538345,0.06480514287979523,1086.6466927825177,11.784541582457017,5.196474213395073,20.621346505735445,0.0,0.0
7.126895817580156,10.118324890777375,0.1144223506164291,711.4319571910705,21.09539093697188,2.7436936478812313,23.972927117633184,1.0,0.0
15.554076909659079,14.683276235660799,0.23644501399480047,422.4169079969954,27.996062573086284,2.1673621779628105,23.558443526905684,0.0,1.0
2.6970627391252213,0.0,0.060154193159363344,1204.466598118613,7.4546551912515575,6.135982212639953,20.25271211894784,0.0,0.0
30.209730066157228,56.994120768622686,0.47999031290721117,131.7037661480279,48.59699244496648,0.6623488985194687,19.0513229090737,2.0,1.0
18.388000188529542,36.81938859587887,0.3306113138041811,172.34042123637846,38.80705686697017,0.8757108071929054,24.266595691423944,2.0,1.0
8.63729678712958,12.363761237941837,0.1979873588344126,474.1847802048407,20.185957449617767,1.373879226287145,23.558815229435744,0.0,0.0
17.824324904572762,32.18255870311647,0.3261457190065307,222.3825032249057,39.54886535166804,0.5289290037754466,24.848425744266248,1.0,1.0
10.769260916353087,10.079193098619852,0.10214158808839718,610.9671466391442,24.0982429425882,2.0357153459921338,23.90806783372028,2.0,0.0
8.060584718131887,11.490896109023586,0.07087197876862822,908.6392662574266,21.42283359705986,4.292540965137938,22.68436765083662,0.0,0.0
7.908195320751951,11.110902625338042,0.1316334362808716,736.3775374592066,18.770921371119954,3.4666844884388177,20.938215628892607,0.0,0.0
40.15315986240694,66.8267438363321,0.5333098485872031,78.7666968557795,48.75804065862524,0.13141406194736077,22.136152240137882,3.0,1.0
11.93690257872058,9.24540036545293,0.21399214875181294,583.51949726396,21.44408626485008,2.5888601330064516,24.073865624193214,1.0,0.0
41.82350024794453,67.21164296328782,0.47994843040175417,83.01017741746888,53.12894288741453,0.1,18.500724602497307,2.0,1.0
32.698425045383715,59.82442033209278,0.45115401295412144,85.33943641622768,49.397763063891695,0.1,19.934707175035467,3.0,1.0
2.8166191794070334,1.3856178439214042,0.08427236405194022,1166.2384578378446,12.042431838075302,5.8827224707787575,21.28272023773875,0.0,0.0
30.286843737430154,50.17435866418349,0.44117858058101317,100.50438618654636,46.995017746905035,0.4122952984705748,19.040281041212197,3.0,1.0
10.680098230863395,20.753889332079805,0.16580938666924447,578.3368343653486,26.881536111834787,1.3748177555204713,24.01780902706648,2.0,0.0
25.676405277742482,46.515809940476345,0.3909376551340007,143.0324401477529,42.556578245488055,1.3517055953107446,20.675524027738582,1.0,1.0
6.917522968725628,10.181563778669696,0.11191435186651323,870.8678031255157,20.33538597945859,4.924087186667542,24.981749839392634,0.0,0.0
2.177439886194083,7.178829913485943,0.12453302115320686,929.7098085270936,17.546102880690878,4.077005569267444,18.51626822301052,0.0,0.0
24.172379762756204,41.37284898417218,0.3765033774339179,134.96986656304287,41.18314258173688,0.6531948436420246,22.258519340657035,2.0,1.0
6.749507746405015,11.349697103561063,0.1358344165381073,674.5599142554527,21.1683273437202,2.855137601724811,23.229186242758658,0.0,0.0
33.24354216068319,59.963211343796296,0.48853271221355915,154.57458398391952,46.57818541193046,0.9162966616688195,21.278544702200534,3.0,1.0
15.965408096191013,16.15436674607276,0.20728484182656542,402.8778718937288,27.650652193962753,1.7096906932449325,23.75215218127253,0.0,0.0
3.582527289793809,10.279843330350737,0.09947084020566635,1050.1249908809825,13.467327169201106,5.244861420516952,21.52652314266569,1.0,0.0
27.140136058151583,55.712283247609946,0.4390224281025893,162.22191532933113,36.55388763090976,0.5938439950231096,19.005476088911056,3.0,1.0
5.483262811390234,12.498425769543724,0.09557465283787353,617.1160390640042,29.1574194682113,2.6527204150843033,24.785024854392905,1.0,0.0
2.1508803435916652,9.089409950367854,0.09298659483921347,918.9320607566023,16.43431278717528,4.325998248355295,18.22998636897897,0.0,0.0
28.682953478094156,55.04765637817208,0.4274411423657361,171.33266562623572,43.36129877995197,0.34698325770092403,20.100476073610803,3.0,1.0
8.842732924882949,16.948334880112448,0.20422630337446912,521.8923104953911,20.84455992148826,1.7198421897413803,23.927472474783993,1.0,0.0
31.089372912741585,57.47726915363124,0.4937707871192349,107.86893060011094,41.80846972839241,0.20296538955733698,19.058004090583847,3.0,1.0
20.476026707758336,46.55222239348376,0.37033622559126006,202.19251294372515,36.443509457240346,0.5499294645492384,22.596842640198922,1.0,1.0
34.05245590446152,52.156596808668425,0.49082882663175154,135.19754538400724,48.42511414996179,0.1,21.848804232500854,3.0,1.0
8.660245881963643,14.44687324001092,0.17834205160034883,587.1359013483393,22.832214177043728,2.196711520811775,23.89075937046672,0.0,0.0
22.720554849250675,39.75372610386947,0.34868610509931547,256.29686344395327,37.86494958560421,0.8282691941912553,22.64969234113351,3.0,1.0
43.87127689287768,80.73189344122105,0.5585461305223254,111.1213943946575,55.55025837706361,0.1,18.623542833955003,3.0,1.0
27.402713210022235,60.82142188131518,0.5004872203429325,114.45739797067696,45.01129252600002,0.619696466572818,20.14019984306037,3.0,1.0
3.5324931599757443,6.503690966411664,0.09486787144693079,956.0029135527221,18.83782152271359,4.357088332337822,21.596951343758306,0.0,0.0
16.991480055053877,21.335780191996157,0.2086027610037827,436.6613896844931,29.58025520322846,1.813883016924344,22.745719328192514,2.0,0.0
40.69586471635053,69.22096528406733,0.519283126371713,90.16866289651777,45.68473949204368,0.1,20.1238401028704,2.0,1.0
34.995694767617564,55.732929781261355,0.4870855246589367,86.46510847220237,46.65422813564981,0.1,20.41011168462559,3.0,1.0
29.11494105618374,46.1968363258689,0.41964725824818355,155.34872823376975,41.88198013221792,1.0379182975431447,18.082122454558125,3.0,1.0
22.04760511858818,49.97418240439123,0.40555650228131135,175.330273851303,42.75002113554155,0.4497178388410255,20.61578057502635,2.0,1.0
43.59537306092574,67.45440407577811,0.46477983088550645,123.19330272358022,51.54021310452187,0.3664114797512082,18.501891466132022,3.0,1.0
4.364195824993955,16.17965787512872,0.06423640021284566,916.3002145758576,16.40997551370768,3.8570337748912045,21.665525740942744,0.0,0.0
34.47077679553064,61.13848419014829,0.5321444027497841,86.94292884673716,50.09775326648629,0.5018939881409078,19.001223615974517,3.0,1.0
33.82263071299153,58.95373110709386,0.4696570026037903,77.16497352846383,54.00884125222886,0.16790229459714287,18.78760426239961,3.0,1.0
21.857733872332933,45.21124100009119,0.3610308897381501,176.0772493156796,36.434046937228445,0.658167697973292,21.452069512369754,2.0,1.0
16.507237544467586,23.974763808371822,0.22265714853443475,471.3702697493303,27.316779414453123,1.5600148967122365,21.280068078563435,1.0,0.0
18.868208674628814,41.04234709923023,0.3290252567694842,236.00074884566308,37.74596107032007,1.1785312230260057,23.83192225317942,1.0,1.0
8.59728165580247,16.30724816122766,0.1791388043820813,675.8758985562581,24.240363011417415,2.975784899346217,23.32618864742616,0.0,0.0
29.993311872507824,57.55986630296116,0.4209420234203039,140.68139039894328,49.15794816594328,0.25819468346890245,20.392752980857306,3.0,1.0
45.076971056681856,76.72825083829407,0.5542152671285682,109.47573970003384,57.58273031362439,0.1,16.98854194602808,3.0,1.0
5.163934610629722,6.510331389522477,0.07967042107180236,692.4033617015021,16.40419954411118,2.9475157917012327,24.899435036128992,0.0,0.0
16.39337631590778,26.88960864660201,0.24186537689436863,323.615991081615,22.609025058161798,1.5486257077940326,26.29358586387653,1.0,1.0
35.32608329091259,53.97155559461431,0.46780321025378396,113.81847122701899,47.60666238504986,0.24823693236268582,20.928048820838388,3.0,1.0
6.8400579422045515,9.456191089513217,0.15556904124726975,733.5037542672399,20.917779072826566,3.16039437365765,23.594274597703823,1.0,0.0
25.382984644490424,44.60144958246144,0.36927892592841416,183.92274206797157,39.172713219341134,0.5025447722610701,23.231162085929018,1.0,1.0
10.185062113914968,19.314025643323426,0.22852657631217713,437.5944074172457,25.24748749058768,1.805006851692377,21.29776326345251,1.0,0.0
33.75657668817714,58.94092263944013,0.4999353168335582,69.90281482984926,45.853813757089725,0.16666652654742592,21.321320798693353,3.0,1.0
8.463570025963392,17.236011312019077,0.20243395163869554,378.5616562410513,17.055377859436227,1.8907678222327107,23.545304160377626,1.0,0.0
12.471958830270532,19.584328416455183,0.2514016169996551,390.38780577820165,29.993590886757264,1.2223790585580092,23.832560963053826,1.0,1.0
13.117066597957093,22.651610290176556,0.1955853408434942,450.9284426480349,20.48478437723859,2.1050492667038556,24.940992180410714,0.0,0.0
33.57342361905601,54.642572784452064,0.5270670331263907,82.85760070398831,46.3558696276062,0.7506060262721774,21.738730712640866,3.0,1.0
6.589075772525228,10.173295608358607,0.14767048672021996,575.2278351663026,26.433024310643063,2.2191266772718805,26.13551547310405,1.0,0.0
14.414098845431614,29.87046511977698,0.29083042014043775,305.40382896331056,27.96588041054828,0.9919810389196975,24.922197615540078,2.0,1.0
36.81254828808979,66.82827481452466,0.5399405815078651,89.28423966528918,51.769751698530996,0.16680525547074956,20.974137040364113,2.0,1.0
5.270432722642494,6.216042214775028,0.09536154052411253,904.7784547245168,18.958489792984,4.77729781826658,21.825416796623657,0.0,0.0
47.783017910792815,85.9935798296754,0.5758120287026667,84.28080216031503,55.88803615941443,0.1,19.420211682593326,3.0,1.0
33.781925927504645,62.705391835853945,0.4862308066252037,56.41672366137778,43.09214369151689,0.6552741487440414,20.083256346318656,2.0,1.0
25.30075862635361,48.3660033175946,0.39192262683793977,176.58005952471404,39.02633992108144,1.1497209004389044,21.293631145056985,2.0,1.0
23.924226597956316,45.283868557251985,0.35892727066879454,201.47581335933097,38.5827043483361,1.0812074540848657,18.510141656242226,2.0,1.0
8.177645924557577,13.043044178423992,0.1510740398193,597.0891983702735,24.03252523286096,1.7662182327846663,23.69554779202629,1.0,0.0
9.540811639201856,8.67715658851305,0.1904249041281408,461.75743958638907,30.10783215393524,1.3471617623460999,24.079017321376753,0.0,0.0
13.767703291833554,25.279134162238687,0.2753900565398765,329.83995282420744,32.88568769607072,1.4587608690782963,23.176435976112263,1.0,1.0
22.787432751192853,40.18016894473051,0.393268208921006,146.79225501098097,35.96980963112894,0.8651226035335093,21.31180352545476,2.0,1.0
11.83880031295373,6.015820239320432,0.14666582540320386,901.3027022644924,13.992925434920771,4.160548409594352,23.023677160040975,0.0,0.0
17.271800179680593,22.933117191473702,0.22077964134862058,299.92571747998,22.557076298095197,0.8601369396457766,24.817754191833366,1.0,1.0
7.360324293132966,13.393984275600243,0.0729225087429019,873.6794698857218,18.725907504166212,4.679374052219681,23.33004650610409,0.0,0.0
22.00231912753939,46.73951438873086,0.36689537680620893,215.08156889485113,40.74074324482809,0.9441143354063614,22.81953269381749,1.0,1.0
21.604220942349773,37.97751322559743,0.35157921324885555,232.37190402610742,38.10773837844203,1.2645026985825636,23.155872556070687,2.0,1.0
14.903094982479013,21.066086599912804,0.2122312349569746,373.14364284826706,25.596228833000257,1.3560349508877627,22.999260674900512,1.0,0.0
20.066446477033917,32.886196008398436,0.2905905876214821,211.9726688640077,35.482926492761464,1.4523123097940094,22.386991481440937,3.0,1.0
9.999850831602824,10.447885840349883,0.137274448114294,621.2517703792989,20.087891937932174,2.387900757313312,23.171414510609477,1.0,0.0
21.058038277092955,31.340577298563005,0.35567949210703176,292.9111760206752,37.4767667503367,0.8393647332610908,25.54475837286025,3.0,1.0
22.215093447271865,36.04756715544739,0.2889885251609119,177.46260128552814,29.70787969952827,0.37475172657277855,20.200097721535165,3.0,1.0
10.051955328790585,21.162566335550686,0.2281795967069737,460.93278231406043,30.0077408271295,1.5347171890918747,23.269168587497667,2.0,0.0
40.05769778958637,68.78007480060668,0.5139060386102972,57.892199890392696,52.56999535960822,0.2582063013517398,22.38512870825315,3.0,1.0
14.321409102556924,22.64650322654484,0.16978478687893486,372.31952323301164,25.223520100286677,1.53272533613374,24.93992063494782,0.0,0.0
3.9227205788138937,14.6838895802059,0.14481051703138317,687.6356939559146,21.48653707164927,3.143858252600631,21.361592299057214,0.0,0.0
40.131294750304896,72.31523643913822,0.45387479843762446,20.13401512829479,48.20972504594213,0.3556531768820335,19.33239702720511,3.0,1.0
17.295768427114176,19.8157435536151,0.18604263712492758,433.1592978742816,23.821723142749573,1.3494489226110487,24.059796311237378,0.0,0.0
41.566936212417836,69.03272834988408,0.5477229438652237,22.855324372711806,45.06346326462396,0.1,17.666612786410344,3.0,1.0
0.2729557339705737,0.0,0.06286514893415844,1191.515782046636,11.526832664790298,6.241781137346055,19.50412314831436,0.0,0.0
25.933498468240575,44.49671397144942,0.39851861462440585,150.4566724245295,41.90170610633935,0.6434159393993363,21.17730305914346,2.0,1.0
20.220257734227438,32.05869627289745,0.31920058701965015,242.16539357965164,37.97381372244932,0.9322832561582222,21.43602651849309,2.0,1.0
11.249645170835665,12.100529296772041,0.22047736351331546,583.7548562204299,29.735155059601013,1.7276300132583626,22.833199960884983,0.0,0.0
9.52118229028012,17.80127323280108,0.13772722673530527,605.6052368860933,25.51949873491578,2.948696021687154,25.265906072059444,0.0,0.0
11.952597424720159,16.552900946007362,0.23598934742593253,576.1598039628059,24.1787684258729,1.8232462850907059,22.680489279878046,0.0,0.0
19.91762013628451,23.316423207332544,0.2589644267472444,395.586472032073,28.653190649912755,1.2650745825495195,25.92263800119862,1.0,1.0
24.640464731343506,47.40542524160393,0.34582907863410167,167.49654634746537,37.83195838625666,0.5689175117383177,21.627062688151838,2.0,1.0
34.69780438998145,62.13054297320939,0.4427870862650328,115.58024530845245,48.64820427676066,0.1,21.603926825251026,3.0,1.0
0.0,4.791656953415531,0.0,1150.356451446143,10.637860805520948,5.7851199174332795,21.57643302099874,0.0,0.0
4.664692742944007,10.63760715939398,0.08903003701755427,967.2130328343376,18.23423314168797,4.081276402812232,20.161405154334425,1.0,0.0
6.782816388861443,14.025968935225876,0.11590920771985114,618.5203326076537,24.849063444311785,2.2121450046790305,26.31252167971933,1.0,0.0
22.64504283465105,46.851697037795084,0.3814255389528253,230.35184442326803,40.99570150018522,0.13645194136450656,23.52890121718379,2.0,1.0
24.118838322262036,45.7923144681264,0.39438062776455507,163.63033816912247,42.336048237177366,0.7396152230457527,22.064847534467336,2.0,1.0
35.100942107366926,57.05658569635056,0.5058045238761764,70.24103757134908,48.64891623374495,0.3349696970446008,21.119416390415616,3.0,1.0
12.801582348056604,19.116118151918855,0.21685260508193002,561.1309364795806,22.491963608702587,2.110095726965308,24.033915035721833,1.0,0.0
33.59290477420227,60.50924760405142,0.46698996823594124,113.34251592344395,42.80363808208197,0.2314608600544508,19.18004404577407,3.0,1.0
26.050245674243016,46.776556178986304,0.443525852999567,174.4771796695345,43.95550119650716,0.748937244232076,19.5424086596173,3.0,1.0
14.049878549159175,25.10904117746465,0.24326553536609716,389.64147943840027,40.54102893919638,1.6015781249367647,23.906071489067834,2.0,1.0
3.049688107593888,7.414198245575003,0.09183735535871573,1103.5308060369405,10.392509502345778,4.748855215906744,23.535336795062054,0.0,0.0
38.39239363980583,72.34396707591513,0.5591884142718461,33.19252971114278,55.13692318510077,0.1614346896844611,17.537467922592228,3.0,1.0
33.51550956041637,60.88152526308238,0.4352217145559449,42.29688277624238,46.28847036995889,0.1,20.267168079270316,3.0,1.0
31.137204212875847,48.08357161521235,0.3991017094742327,206.93604227397373,46.70011116433213,0.6401908103884645,18.43171145981641,3.0,1.0
30.787358829524486,54.461151200263316,0.42726180237752254,119.53548917823699,46.283165649135654,0.2597396547044143,20.17568377298465,3.0,1.0
10.163840378876625,20.020724016130856,0.09771909894633107,647.2014705155265,18.566193799557013,2.978126709652752,27.06400972954578,1.0,0.0
18.995295780138996,41.85516901730241,0.3475509339359789,258.7331489383684,37.30631978019279,0.8667727768482112,20.966510603129546,2.0,1.0
15.770798752591713,14.614391204114618,0.2372862587379897,348.06707959143364,20.60790422825322,2.037181159493601,21.82960575100169,1.0,0.0
23.641752635497532,39.23324136367033,0.34199941255038113,231.8256058157691,34.10083522200616,1.3844717777915465,22.844053775373258,2.0,1.0
6.285581979438257,8.677916615241031,0.1582155144812947,527.8498186087768,22.978339686819368,1.6235591002877205,22.610223605274573,0.0,0.0
22.563206074835914,37.96987462589693,0.375023017157302,227.35440780712406,35.99366528365663,0.3749029580957028,22.872059589008387,2.0,1.0
7.955737160105605,4.480402206370968,0.1218978793408195,569.290429223684,22.05300346267455,3.3634590636909616,23.58872669169092,0.0,0.0
14.192731272815294,18.957094079602548,0.2317512386208634,378.83797240175835,30.764659197009312,0.9628296166907274,22.140098623147775,1.0,1.0
7.5434553479623165,14.562885503692405,0.15104586528334366,624.6930760207794,13.785768610410575,3.004774488915201,24.623964015705162,0.0,0.0
40.780697497791905,62.11273932907224,0.5553035014652297,20.0,50.75132778054786,0.1,17.72716861147808,3.0,1.0
1.2945555434408984,1.5997966172679523,0.014313550200609239,1227.1183514000095,18.609019388315115,5.533616288054984,20.376159375953826,0.0,0.0
24.34892277750395,43.64914853550568,0.3512557914703088,231.35504649231646,34.809863218520505,1.3839845756524811,20.868732620395708,2.0,1.0
45.587879696572465,86.0994681776393,0.6,25.122081361563815,54.67024819239114,0.44943619744785,17.032600531420133,3.0,1.0
22.407208789563807,34.104296700332206,0.3645345176869536,272.4931907720115,33.94718634048204,0.6127869120356886,24.487133918354793,2.0,1.0
23.835058537382235,37.29476458203934,0.3810579731759509,179.9600699146406,34.975006471625946,0.7613471960757996,19.987362985211668,1.0,1.0
4.806996870957694,9.218624782681495,0.0983821136640171,725.0800117466833,20.989658972359376,2.2160194382489946,24.888473013811083,0.0,0.0
27.284353585869116,53.52113326096283,0.5048587578732547,94.45224502495194,44.37533187116174,0.23909619191304346,19.16893342386788,3.0,1.0
28.356479487810113,45.98720614038769,0.4086224053220777,101.05509132458619,44.19610808499985,0.46170877406227995,22.32496636428162,3.0,1.0
18.393135232168067,21.53209497339572,0.25769483597803844,359.91902037110884,29.33075932679483,1.351826558658936,27.932051573811698,2.0,1.0
20.34226368326758,32.86348186967263,0.3897679376493849,219.05628255159485,33.9854674657749,0.785263183213223,22.562704108263347,2.0,1.0
14.071786593941786,18.61377620110861,0.2437178070754921,436.0560102744147,28.60640256124734,1.5333469834028657,20.147319759757277,2.0,0.0
6.346545964314942,16.833001715987365,0.07860303968126336,1079.3886480213407,13.39851870393057,5.470918261772323,19.521393121910844,0.0,0.0
7.600064979653256,11.01699663660361,0.12285448814976421,680.8003593238909,19.333266001192516,3.1315719706281864,21.363735470882496,0.0,0.0
0.041429657770770456,9.878903491683719,0.04653039701043797,1210.1678815439902,11.648687831732316,6.109448636682649,21.808111388513925,0.0,0.0
14.083101237490384,21.699767215250517,0.22806217080018865,287.35860744368165,30.425135370952525,1.7804153237485476,24.524964810973824,1.0,1.0
23.25846724711852,45.4662211451349,0.33990929230187933,130.14024895625002,42.14593060016918,0.542165549857476,23.25026540992687,2.0,1.0
17.68733084508925,43.156989944298275,0.362379861176675,178.2169469281269,37.29102234159544,0.859429762507412,16.765329896095945,2.0,1.0
25.49795043581666,49.41496392756721,0.4600512964199257,173.3487487577543,40.560711552585964,0.1,22.660453301512373,3.0,1.0
4.592233062040291,10.86366856194226,0.0119868805831157,1140.0635918510523,15.061038127673145,5.215018294315203,21.380921081207852,0.0,0.0
18.55455503686929,41.418763944157426,0.34525926559741155,175.37398197770614,34.68179464111486,1.1957228574104826,22.971111289899653,2.0,1.0
3.0481853357746993,15.972937451313957,0.08943756598157465,715.8841596426819,21.658285032063237,2.0740201711280384,22.340828353640852,0.0,0.0
23.274829038731422,40.23290392076911,0.32082923536524777,260.3422477712721,36.05419590670188,1.0441928214939415,23.0288508942521,2.0,1.0
21.74809820772921,37.02951942022034,0.35763522361579636,212.3957050730791,37.0339971351032,1.102830484094974,20.67678492575349,2.0,1.0
8.125958363809712,13.102644497467189,0.1527007338441462,916.7137244188496,13.755279725729496,4.599910705278594,26.261995982171207,0.0,0.0
12.626519133741924,16.843845785107963,0.2152877829843033,526.5615311731232,23.59078073912805,2.148985911474708,20.58378697684887,1.0,0.0
10.942352462835839,23.961631429654496,0.2572960025504729,386.44635058876696,30.975873413582054,1.0840378030542142,21.173908337996714,0.0,1.0
27.74068561902152,38.3114038579046,0.4354810637469999,212.60813700098097,35.953846834675474,0.27444628436036544,20.523358119208666,2.0,1.0
28.59857429588308,58.14417133136045,0.4074930109164183,118.7698434514864,43.75030070746789,0.45694259917311303,18.87714910370029,3.0,1.0
18.661607831279724,22.642656622335757,0.27479955392297295,316.93893518859335,25.668844891214835,1.3551597933945152,25.157043082809892,2.0,1.0
5.137749279027538,8.152370947350818,0.05844305017648745,1152.7246980085336,12.777303751920849,4.998995320128879,21.016565284120073,0.0,0.0
42.964274116973506,78.66999196192593,0.48879311502743816,57.10011534705627,56.089362395005104,0.24393949719909114,18.400321731611438,3.0,1.0
13.287067994799237,19.380045590849743,0.21564872709610408,400.28761686928544,27.283325458551715,1.345584081979836,25.12087883456349,0.0,0.0
12.505207047812451,13.603783278831385,0.15788960888559123,558.5099020496382,27.415847991402437,1.7029198144590598,22.328815131519487,0.0,0.0
28.213106615657644,54.210067065349534,0.40435968142608414,145.8727011665533,39.49714445728836,0.5205030786710381,23.807740188592597,2.0,1.0
0.25570152092151566,5.413113144163781,0.03647463804943351,1195.5619020118866,14.716711186805432,5.985025076693323,21.97870881815905,0.0,0.0
46.36485500492274,82.00499634722881,0.56609463181364,61.68551755176961,54.77565611004608,0.4133579289454422,19.21899387146896,3.0,1.0
18.183153231587983,36.00015001116546,0.3613313830763591,194.86876881014553,42.42291088899106,0.8043249687906646,22.073272589814227,1.0,1.0
4.666709614084044,10.639080544447523,0.15116204232433708,664.1182489757208,16.115403045121408,2.8853716218496266,19.29972421944393,0.0,0.0
17.430419091434466,28.687765612696012,0.32996076437291555,382.8586553335554,33.2411120495345,1.0950125165291937,24.010882760454002,2.0,1.0
27.643609156578602,50.86627722468354,0.42349422231875966,171.91093587756436,41.16288979782833,0.8529204609241059,19.675303420111824,3.0,1.0
6.211400453996594,8.501462241489573,0.15976738592624276,569.0369208062507,19.178556970118063,3.2935379399954803,24.83690632979666,0.0,0.0
4.2511397863060765,15.694662320969563,0.14562516561537966,925.6971034129214,20.877802376018057,4.855410002480703,24.064738982790896,0.0,0.0
0.0,6.170133582262179,0.10777204730378184,1220.7546423042027,13.315367635778806,5.539510121117396,22.629202165118986,0.0,0.0
29.605004249316043,47.51753590385587,0.41149504915662455,155.16436225986806,43.55874848305504,0.6267679933798063,20.1601813116334,2.0,1.0
23.82369026225922,49.110579275277715,0.3862861797501498,227.22243846319606,42.87439484590533,1.046943376438204,18.020209287033715,2.0,1.0
36.66533151576072,57.6701738213323,0.48918238909592543,110.35271643408882,47.75536763881571,0.1,16.999263706137164,3.0,1.0
35.98454694348321,60.772646071211746,0.48207558329732697,119.4881774050095,45.88491007928214,0.7756165274674237,19.14366649967112,3.0,1.0
25.920075211343487,44.00463671443338,0.3885782347531443,221.12339572518462,40.8025992007805,1.4450717054561493,18.55497869691016,2.0,1.0
9.61936731212846,6.20383223392346,0.045297417173325104,1136.3257432839212,15.008304807532603,5.231005113258586,21.047869762957358,0.0,0.0
18.92340401625953,41.52678570783097,0.35698812124176066,214.5672254521477,32.873475578704664,0.40362987870089256,23.4797710057063,3.0,1.0
14.70837818642991,21.856258670820694,0.25261844036862713,409.9488115091453,24.9988041524107,1.4256305240022145,19.50268926226438,1.0,0.0
24.19056589763536,47.15822581246722,0.4304328707998611,237.77206261375798,39.08209450856434,0.496236719998799,21.888821618958236,2.0,1.0
30.869942945347127,54.483589166105105,0.46735755924637656,48.4913621984777,48.41236172377139,0.1,19.27375924209711,3.0,1.0
37.77997008654481,68.34402074208856,0.5201227876140128,144.81470272737923,49.032283294992986,0.8356017410090437,18.71599844708833,2.0,1.0
16.960061016940987,32.35782164908313,0.25490245018386565,362.6191138333965,34.89662166737769,1.5544440196751963,24.514212258529927,2.0,1.0
5.905215326585082,12.78783039574302,0.239635398425951,542.4135980266487,18.67487903929254,2.363019779952678,23.540427953756463,1.0,0.0
20.695031596453816,44.728107900720495,0.321176816910855,273.8086224318413,35.01554745306097,1.082635329508994,22.88261717669979,1.0,1.0
1.9639109251898725,8.232434646995939,0.03905451322256419,950.5414661373668,16.42107142875906,3.4814443522121934,21.717548347917685,0.0,0.0
20.957134038171386,44.13038595045626,0.3435834467920208,263.693723109252,37.88855366196539,0.9480777859924997,20.446134162576364,1.0,1.0
14.181670667853943,25.67355973292321,0.18698615149451725,501.5401216522986,22.585073241494527,1.7861431663268243,22.66007195795551,1.0,0.0
14.295323483042058,20.632478353553502,0.3003684301423234,397.8649918424928,27.744771702107965,1.651010125299154,24.34600024592934,2.0,1.0
4.602449620121531,3.121057574694608,0.019894087417635216,980.4280096390972,21.780208188510528,3.6075892667917584,17.30700766542316,0.0,0.0
29.866986909395216,53.13879264451494,0.48922868381337165,152.03031839843777,54.95306116195496,0.1,20.64296215115221,3.0,1.0
47.999746317256175,85.57520940457307,0.5764409329525729,109.30428812930771,53.46543649487258,0.1,18.70124471490941,2.0,1.0
25.448909007284005,42.37482192765468,0.3732336892282415,194.25804366344036,41.97128056818466,0.6354387462250782,21.610246693763195,2.0,1.0
6.260411762450012,11.109916965349864,0.1511240000869513,751.6589286439653,24.26567926611303,2.7103853937886515,23.695247038399174,0.0,0.0
20.735148830113328,38.33919091610457,0.2643868458814281,230.50122154213923,30.51841218758622,0.4337148287003389,19.99701619186674,2.0,1.0
42.91483369293235,82.1472987358227,0.5996390424520627,117.53544004819997,54.612760035859445,0.1,18.594561523563257,3.0,1.0
30.78018432746107,58.868220098542565,0.4967822470261624,100.76656845513251,44.259508439570155,0.1,21.17208725177352,3.0,1.0
7.7526557079638305,14.395852191684117,0.15806903051492058,649.5635559747152,23.51773171227471,2.8022946986113926,21.933400501081245,1.0,0.0
19.65090430156232,29.148773111491177,0.2931242399326484,306.61001608543705,31.128893337573196,1.14028511539777,25.42368538356928,1.0,1.0
13.39131908859822,19.82018037696889,0.2546717849765419,482.5959167369647,26.569480100206487,1.4921795751776528,23.730401228984817,2.0,0.0
18.28563159358004,21.683121784657143,0.23124451884610828,409.6450666919907,28.755998530480564,1.6672557216759345,23.706113556489694,1.0,1.0
6.342408538929583,2.0172101906623885,0.020076309375116994,932.0877001482634,20.841963119109298,3.8418747869015832,19.689325075253734,0.0,0.0
39.40903853094678,73.63504592045771,0.49399047938237484,20.0,46.24099004195386,0.44546537496369476,16.422694156680816,3.0,1.0
39.05601565475333,68.44345961609375,0.5798845695926478,45.63528608397798,50.63277848589179,0.23450766990284216,20.513143760699702,2.0,1.0
45.00423684203494,79.14122181045265,0.5123153417647784,58.66365407265634,47.11994573200417,0.1,19.094775503211633,2.0,1.0
9.483829968642997,10.914697285672428,0.1739825070071245,615.1824416312361,18.177204749570336,2.8952474094331637,22.8778539774074,1.0,0.0
11.713643702887413,21.108266764898758,0.20993807831108724,480.9989182728034,22.50520275837507,1.714545874439034,25.121139480096065,1.0,0.0
9.072819479590528,17.68143208717686,0.2069049861073818,474.7624235474621,30.89422300494782,1.9585404914908633,24.566111375834907,1.0,0.0
45.563663003133016,82.60554684874735,0.5710110840894306,48.07622490646094,53.578872585596166,0.565628502301616,20.05942471471562,3.0,1.0
21.808799041856325,42.188706620011985,0.3383174282116398,264.88942641175527,34.14038678812634,1.0121318480319688,20.92375209687337,2.0,1.0
24.773619463498754,33.751212681752286,0.39392841141231416,225.30938931704145,35.49222368338085,0.9169493979737864,22.768554135918777,2.0,1.0
17.11021005388264,15.921463253929499,0.2292408332763561,380.8763304713222,29.00347962503603,1.1253940829528513,26.375394180807756,1.0,1.0
35.544167167478584,65.9121310204597,0.4716544085794996,51.62950474165196,50.35681872198382,0.6276060646306527,18.95532399908295,3.0,1.0
26.621915751332352,51.91199754978775,0.40987300234091406,163.26772019083626,39.23341511065717,0.25705221289584124,19.019116050735267,3.0,1.0
31.53618086494446,50.78522870424952,0.4558635004031534,64.217660167685,38.23584964429467,0.4507380469256023,21.072420030173515,3.0,1.0
23.12203599122095,38.57044984337718,0.3467729549049305,231.36685166022485,34.98693300751074,1.4408949765937544,23.662851482820525,2.0,1.0
26.3352538590128,48.31375704539546,0.4656189023841181,118.00454669007657,45.208538517649444,0.1,23.401444732463222,3.0,1.0
7.411464658170423,11.434653756310299,0.09628955607173316,930.2565952072491,17.267713313524375,3.7755176035666915,19.369603953261755,0.0,0.0
6.049271104419898,5.388263598350065,0.10328857342523895,763.9653557228214,19.598098712702146,3.108877637616875,20.796875051318544,1.0,0.0
21.10344676953342,36.40082658204971,0.3184409820984157,253.21236251446166,31.985311888566688,0.8306153471938554,22.374563209611132,3.0,1.0
20.488553257941053,47.595586580187494,0.28944610910225227,217.16691852794787,34.27567081875096,1.4214064993981899,19.304169957973535,2.0,1.0
2.1922209317495995,12.2367984137635,0.08837739360512395,709.7271190379903,22.8371873379507,3.200400262182427,21.310252656903057,0.0,0.0
12.201465582466954,16.76929281554221,0.24212725671770696,415.14527106351,28.45232589730285,1.871201332238014,26.236582278325432,1.0,0.0
18.710718918743982,28.043844743444623,0.22619615591106526,383.32069288755355,26.709042923733907,1.245885954249416,23.43813562697729,1.0,1.0
9.307270432059717,7.86099678163634,0.11434539420723511,687.6616022700839,17.98546818409677,2.4475515871990625,21.977878422974737,0.0,0.0
13.428868812577779,21.41337746562283,0.2162958484293875,349.5682931540709,33.19255185878586,2.1345155046426605,23.76254756620025,1.0,1.0
2.8407223787243248,12.335015647684537,0.11397436999418487,712.2045230614391,23.358170729196083,2.899890109306953,19.69955278823482,0.0,0.0
31.27623488765768,58.55557668277458,0.4765472538609426,93.1359534564685,45.07791956305132,0.1,22.775387928158548,3.0,1.0
10.145450638659645,8.475641019324632,0.13198659103233976,631.183016728292,18.28047665720169,2.782397987755573,27.017439499261222,0.0,0.0
2.7732487430536263,11.269939923081276,0.09467719326237069,891.0185476109625,19.330127946307126,4.516788298211365,15.484216225529725,0.0,0.0
10.58562264141308,18.298726557816956,0.16996587326344553,498.0119189666788,29.230936919771935,1.639936398784784,26.67587790991123,1.0,0.0
44.99149580656012,79.26154079397702,0.5580623415829603,58.01764700729072,53.605390091279446,0.1,21.73152965988278,3.0,1.0
17.437604843551068,39.531609136499405,0.32929261017020217,155.68757612570909,35.57764474694645,0.8236630865782617,21.747621607331595,2.0,1.0
7.604445980981574,7.818778481356568,0.11367914959655985,871.7926125143811,13.152628328278752,4.811753137417972,22.03489344139315,0.0,0.0
41.16398760883435,71.95745994110175,0.5537167987051375,35.26013089917327,53.22083088573697,0.1,22.51096493677462,3.0,1.0
6.223056066660151,3.596780316763722,0.1721226113448297,586.2602757985472,23.59127881713876,2.877657133387203,23.456693786543564,0.0,0.0
30.90091081837991,57.67604836239133,0.4322131181339077,110.71578636984817,39.03554397376726,0.3922691932368229,19.09946495860464,3.0,1.0
10.032575885513271,8.91283596399026,0.1570239850249161,589.7321920528074,25.570933710107635,2.4709088446994074,21.514791662383654,0.0,0.0
18.41706471497429,30.27242410251204,0.3252662673150545,276.2651514953323,34.725830983849214,0.6840380811872011,22.837123757329415,3.0,1.0
13.196184545554908,12.907475260709164,0.23150764063150725,505.45845593760544,24.506070152365755,2.0045817640934676,22.760414327499895,1.0,0.0
20.376344115088806,36.284488181884626,0.39291720454678486,236.094869562001,38.507955452809966,0.9032819227727772,20.84532478101719,3.0,1.0
22.07319886685469,39.641320346182376,0.3121259180385153,265.67780768533726,36.604997530713966,0.9093135023880025,21.502497368143892,2.0,1.0
29.611801886221567,50.359516481608594,0.41976095925416357,159.40236157991546,44.30013634839666,0.2767064636728679,22.354814001196846,3.0,1.0
26.126011542159915,50.43663976097575,0.42109222219920805,145.70463690311541,42.24216745561213,0.6165217002190455,20.397426925125476,3.0,1.0
15.651156493187143,24.991566681685352,0.16705021101560233,394.61778090543584,30.671494664003703,1.8119466801695194,26.563936006026672,0.0,0.0
44.64538089025673,85.24310684997235,0.5111666071177313,52.431379654314554,57.5829778680851,0.1,19.61184078068411,3.0,1.0
19.971279622070625,24.880051294657584,0.20780221961893708,442.77727452723354,28.64667144634701,1.78493289102276,24.77217805532442,1.0,0.0
33.37512864826141,51.95403469815272,0.5078756868464314,86.1747606327254,46.66822051669533,0.1,19.991619299047727,2.0,1.0
22.457347716885273,38.952091073173406,0.38722521188911874,220.28352131471877,33.61474372704084,1.3248609966251903,23.83955421810528,3.0,1.0
14.589982454523081,29.24273452803334,0.32125568868448684,293.53345243212084,24.824156732539997,1.4355921411343784,21.379513246502963,3.0,1.0
29.81563166881618,44.88426199371644,0.32695186336834314,201.96254342423353,33.84051360128409,0.6544047104329077,21.317497907223323,2.0,1.0
11.783183216185414,9.526397702326161,0.18524067907968111,602.0262080137685,18.961888402120344,2.9489108152735644,25.338406691359246,1.0,0.0
6.563933835655452,9.601112616274476,0.155547320585224,566.1033573629174,23.865940795679432,2.3833764118985497,22.294932222267697,1.0,0.0
32.64101282519727,61.33516445848465,0.47483248721098964,89.09505336892593,49.98827018003446,0.8096193394970082,18.97566286683575,3.0,1.0
12.331590066471067,25.692246436035006,0.2262461532600651,378.1345594088136,31.608422105681328,1.6862650652119147,24.75898959985198,1.0,0.0
28.61348261875219,51.06975152002051,0.39765157021930664,132.94569509578554,39.75562165215227,0.4014239659104438,22.10418349856494,3.0,1.0
23.972701392637987,43.40174252375985,0.4145326058093603,188.80029270136723,37.72227195422043,0.6033476734870715,21.357922323777125,1.0,1.0
0.3924837713399716,0.0,0.08938172207817985,1165.8938645509675,14.241559770375279,5.700015891961986,22.976075876909732,0.0,0.0
46.16715183097139,79.94574734959946,0.5838595068656075,20.0,55.632685169603874,0.1,18.48159350999537,2.0,1.0
37.91865505426019,79.47287350156762,0.520810438773046,57.70980175841156,47.53798764213379,0.1,17.49094483963381,3.0,1.0
33.86014491860446,51.15823059948736,0.467067732776195,66.08899837403723,48.56588263960694,0.800124714588255,20.75674351528296,3.0,1.0
10.884304289493127,21.870091979636705,0.19092016868973352,424.87853746951276,23.94334804330763,1.3005632995701712,26.01419297313256,2.0,0.0
22.504475370056078,45.02090072461769,0.5044368515100153,155.30699971656003,39.5732199080009,0.9784156374248617,24.659686504854957,2.0,1.0
28.83342079481145,56.26438702184251,0.49693725336599004,140.83932535013736,47.99238942715868,0.36196108776378827,22.21025578254488,3.0,1.0
11.42497189339062,14.602491474694984,0.06081948227855023,678.6610031035091,20.181741871517293,2.98726840289859,21.86859140679934,0.0,0.0
9.969463456912237,17.690953870213278,0.19123179414829922,579.6658417275819,23.851580594029084,3.0904105717924546,21.209026594936258,1.0,0.0
7.280200293751607,21.851286879464364,0.19831640809892065,501.387471861965,21.364461833383707,1.9158980877972258,23.54889201069995,1.0,0.0
14.452852912977953,19.03905595802015,0.2250056897393278,382.7198039934252,22.08759755172038,1.518617479411619,25.972369815051113,0.0,1.0
12.987533533581587,23.289779211349597,0.20133169689807676,518.570725415301,26.564726048841553,1.8308702549440072,25.34711874115744,0.0,0.0
45.41449456352984,73.21455284591794,0.5822011395704354,103.97958517909711,51.95379010784929,0.2850167070739048,16.189675715631353,3.0,1.0
28.454136473815545,58.11599265805564,0.46905278412029494,76.36470398235491,45.508412264768346,0.493653961564118,18.88063698682184,3.0,1.0
2.1108153586580736,2.3775787726155166,0.034846376438612145,1243.414374836108,13.541305003205313,6.252557646812561,18.28976580323972,0.0,0.0
2.368521656272928,4.999740734192699,0.07755350341503092,937.2056912009045,19.578478171353,3.986089134515786,19.46602685400876,0.0,0.0
40.706787010786684,65.31991551293136,0.5203566674326463,82.57013801253702,52.98090891179948,0.23813658352069822,19.725790900301263,3.0,1.0
25.171346843530642,36.37755655496639,0.3983644626309824,163.73475231375252,37.56838731666193,0.7853673019687942,22.200789811650434,1.0,1.0
11.865464288261279,19.141270149069957,0.2223591977466307,434.2848297512817,24.944966007677316,1.7032629701268165,23.875441360270273,1.0,0.0
9.4385282142745,20.108933759680014,0.23261612668063303,489.92908423675425,29.860031983353046,1.822302843606841,21.8603999616502,1.0,0.0
30.11845341847252,56.56239558522661,0.42652555155033905,207.97127315451988,46.28273881696392,0.7350324261885792,18.463154133772353,3.0,1.0
12.545272371943495,23.14812343610582,0.22898242361197063,367.96128692086006,29.634455027319092,1.0515968127097195,26.810324336390288,1.0,1.0
40.239025770813406,72.12169385590096,0.5080498413193374,132.55089028782075,43.1323182074478,0.4353101407311639,20.069207207432292,3.0,1.0
7.941498593754014,7.580620207778904,0.22271830142292023,513.4596071435483,22.893821413496827,1.8924269920715941,24.339379410224176,1.0,0.0
40.10353517925,66.46385450318047,0.5408194972098112,40.827887811681364,56.40093681404569,0.2342507250464385,17.165039428320245,3.0,1.0
37.9256106044663,68.34659881295819,0.5568148052877028,20.0,50.25076022788792,0.10758389807879394,20.797553515610293,3.0,1.0
12.9622956523206,15.564584477069195,0.19504076805278595,527.3702608436078,22.025642268802326,2.138941543992512,23.465548023401908,1.0,0.0
12.690278619308117,19.14406462158817,0.14539552354863083,484.13259126873004,21.03862668974775,2.1111225879679716,23.89078975061982,1.0,0.0
26.786563331557335,56.25636412480213,0.44454218209410945,61.03575797443297,47.587941853335785,0.3702563722343353,18.11933311494845,3.0,1.0
20.94569508481522,49.977478830212924,0.36059105978332695,187.04527158654216,33.13440128933165,0.29729174928884583,20.324669089330136,2.0,1.0
2.1916757559308495,0.0,0.028389994090164333,1213.7738539011987,13.683555725823622,5.692814116336036,21.14487350203812,0.0,0.0
15.133594291565009,31.645755656162294,0.23542946970176476,403.47435790571177,28.608172008590135,1.8376842456214149,25.94822115256193,2.0,1.0
11.681479687588089,17.00427824390778,0.1658392721004976,540.4947034266531,24.498381474250195,1.8749419487864742,23.383906665033802,1.0,0.0
31.79478462615215,62.88321039096103,0.4715518103408759,104.01351295922808,46.07257448660953,0.5081722456964448,19.611696266963754,3.0,1.0
5.221814591698774,11.82315394513511,0.1777831464190914,594.3059682346644,28.680505788496774,2.8483825471413606,23.44804046231202,1.0,0.0
36.710378106785654,61.78906623300428,0.4621553906863777,91.22394654671437,44.77503129860878,0.29929697905514396,24.395480428238766,3.0,1.0
23.691602640743863,38.83830356954054,0.35089274492927097,236.00477417949648,33.77325339524004,0.7902043380229984,21.203219382011135,2.0,1.0
24.537930050863267,46.81308370406938,0.3177661170093199,217.7951297299409,36.70470353301988,0.3009839865921402,24.24400475433329,2.0,1.0
8.412614948588741,18.380729565160202,0.11563544052300101,624.0053051556467,18.950011998516807,2.9197152776745066,22.340184217836196,0.0,0.0
35.074028754992284,58.29155780506947,0.4902914559208213,103.98441391484863,45.70459599867114,0.4279103456920671,21.787580453602544,3.0,1.0
41.411788392209104,66.80393957034605,0.5281286979772221,148.7541824979584,51.99189257127421,0.1,20.16369266796663,3.0,1.0
9.200325969250281,9.910043787308627,0.22032776978329377,571.898832980968,24.44178284306392,2.275728167060878,22.19199938757685,2.0,0.0
29.44108031914784,55.822076291534856,0.4363649489746923,192.03210984711694,44.637339384861676,0.5052998775309175,20.83095338852291,3.0,1.0
20.616827487608475,40.372882649559905,0.3713720368951334,237.61792722528244,37.730622475639294,1.3189930162677435,20.198742987978346,2.0,1.0
32.5302450446736,60.7463378979173,0.5133814866906947,49.49966103820387,42.75459399760648,0.1,19.8983965494304,3.0,1.0
4.827973653918263,3.015717743843692,0.06447374959619606,935.2342695314171,20.68063467291665,4.034993380691692,20.175236209087686,0.0,0.0
8.166512961956839,13.717481535511808,0.16584325189377952,587.1897563608396,24.047534003131144,2.286724574247102,24.41851227192682,1.0,0.0
19.577566333104063,47.742927437767555,0.34395868442188743,170.9823300859757,40.771444878218574,0.6609128436170004,22.67278791788806,2.0,1.0
0.0,6.552298693145538,0.09675215667818507,1217.2604864154362,13.227088194037485,6.710614939558425,20.5878233462999,0.0,0.0
3.5978807907967765,5.634232742917342,0.0,1189.4914038181794,10.4484861691316,6.044237772119264,21.059985971196163,0.0,0.0
41.09928201421275,83.71605889944406,0.5893398892454775,44.79592046930966,52.213264790759474,0.4601996322430084,19.154228861675602,3.0,1.0
11.57298789362201,17.77644556249834,0.20899102870916755,555.9175388224124,22.887123844192104,2.0631173679242254,23.67319689275982,1.0,0.0
44.61719383731477,84.83261430719237,0.5547459916694604,85.33746996094378,57.828073094071485,0.1,17.497582714097202,3.0,1.0
9.764398423840245,18.044582088869614,0.1493743166531657,633.2894224460049,23.15453638553604,3.220732557011511,27.17457937804184,0.0,0.0
44.97482244270419,73.83671664704143,0.556972858114008,81.45129321043703,52.89650733350917,0.1,19.277442890628244,3.0,1.0
26.22622390455941,46.164737793886566,0.3594437731492477,152.32214659138808,35.82083316341558,0.9154198932764948,22.78667871400207,2.0,1.0
8.178391861964908,7.006872762701388,0.22019988965797344,614.6803163632989,21.75867838707093,2.7924207478147083,25.734943464179075,0.0,0.0
34.20543859749752,59.289559516337256,0.48227536200109244,64.71244453756967,49.15035953890494,0.3357637922924035,19.79692191464707,3.0,1.0
23.825015915758318,39.17235994700344,0.32852832759060396,214.5409005071605,34.84139295242659,0.56031687692801,23.222965558148047,2.0,1.0
22.36241434561057,41.98228209216573,0.40191881118335193,219.87102660911813,37.64068154479661,0.6505841840514546,19.39917434860797,2.0,1.0
14.86720462727134,26.416124187165362,0.25361349411088724,303.0032993313141,31.71886485693935,1.6946882813255122,24.312500166498253,2.0,1.0
46.54021555809491,81.79627227514848,0.5764092407867192,53.74205657774688,54.63828651101832,0.16344761038957523,18.810028727095993,3.0,1.0
20.683647121834355,30.579118540333003,0.2238055736960744,325.7632576245667,29.8653475897211,1.016948487281897,26.94254347482135,0.0,1.0
22.866693262162453,44.45159791043911,0.3743748834881368,209.86555731488878,40.16391832493511,0.36221315088864503,20.022385824162928,3.0,1.0
33.731268369639345,54.96585647391617,0.3842044501341836,81.7912909595462,41.91900633823993,0.12301806510510788,18.016807645924516,2.0,1.0
26.4562829188783,54.185754292506836,0.44254393580533197,149.4046235723559,42.157300716069955,0.1,20.120255016603572,3.0,1.0
25.84909865605642,48.56438053222152,0.4995568638144225,130.57819152037476,49.67809629743253,0.6676385095898557,16.738078088362364,2.0,1.0
9.222861506495459,14.930463561829379,0.1727423661860313,443.69929005986376,27.165077836405427,1.9177862033342794,24.25905662486543,1.0,0.0
32.489097981526115,57.62541345986755,0.44029610255560336,67.35849659886915,43.45647663973991,0.5370044832489766,18.630337864856322,2.0,1.0
18.256281559303854,37.16347378084766,0.24307319230505528,194.3478975183083,44.50157043204,0.8006481589691408,25.203296510894308,3.0,1.0
6.870681911881635,2.8348827722941827,0.11086842562937836,918.1717488252517,15.135054400668354,5.1965144256937315,24.218286121503297,0.0,0.0
11.5603143923046,18.939640846428155,0.22262850820556587,361.7821329387969,28.053745233481383,1.5374346790177933,24.363563080551312,0.0,1.0
18.655080937631578,39.09603302029031,0.3491690454580838,240.58812465537912,34.3050425355877,0.7499624229135877,24.246126216699327,1.0,1.0
1.8322088178243012,3.292320431473663,0.10467755758153337,1096.520862417156,15.783399444659683,4.631381971866326,21.512532108747,0.0,0.0
10.390370804806196,16.94356123959625,0.11769244606881249,577.0327303634243,21.831571088419626,2.8787740567484135,22.108878714442568,1.0,0.0
5.6680847174623965,14.03598671370135,0.09265300946409494,883.1950767079687,20.2805806658991,5.151142898280497,22.25461288974215,0.0,0.0
42.5069498395668,68.06426903425294,0.49544745149192965,77.38517945827098,54.2653948481984,0.1,18.013996726448095,3.0,1.0
13.817441771687223,26.85879750459433,0.22629972895770994,408.5848405125194,30.97874909552285,1.1156974606675547,22.4931580079776,1.0,0.0
2.390096761401421,11.275949101052001,0.06493333701275407,909.7047150237819,17.72751986936727,3.8520072894627733,21.817678596727628,0.0,0.0
20.857659967125613,34.869213509558534,0.35869232080742103,170.29474884288646,37.583166947403996,1.3294915562379335,22.976784654363076,2.0,1.0
15.261734675236607,22.6967758685525,0.30028695392918403,323.2396803945033,28.293010800463378,0.8642354251277722,26.188575069031412,2.0,1.0
18.30132430386965,39.119685908048666,0.28914158237703896,195.02253202906604,36.29415535520157,0.9582484611942699,24.560524431009856,2.0,1.0
11.624686791440869,15.060800840171648,0.20586096658749745,529.9594110696486,26.584563198146764,1.667133788356493,22.55606288294544,1.0,0.0
11.579412655247507,13.276230709853921,0.16468811672316225,470.6403819258582,23.622998246475635,2.16034298542696,23.317270673927176,1.0,0.0
24.595294192645767,37.068179946205866,0.3382876029041231,213.39060546347625,36.93967197301969,0.7336615316257635,22.270841407296206,2.0,1.0
9.427543095097672,17.715214851709735,0.1421824573855141,645.9566568521753,24.32334176069093,3.152553702193174,24.59605469407885,0.0,0.0
4.976258070918456,10.41551862497302,0.12662734539285364,982.9270282288151,20.71264405472258,4.068766036487569,20.178853732364928,0.0,0.0
34.696619167940085,59.50106304269069,0.46861530353113495,91.72325028859534,46.13147951453397,0.47980211877296464,18.311720553024923,3.0,1.0
14.41651428134408,23.77031268900977,0.2468866945903453,445.7502240689338,25.712909209032233,1.8244965674318323,21.582452337094207,1.0,0.0
18.566773655487918,23.101457100455658,0.3147247333097525,358.00004314806483,29.0127435269185,0.9572040711914508,25.131869597229006,2.0,1.0
11.359331780545794,22.406223942440977,0.2319561890811645,382.0750937910795,28.626757820433262,1.307970104484928,23.17193334884595,2.0,1.0
26.54548760762606,49.87197773581669,0.38300456082527023,148.57054703090725,41.19716158713168,0.875746640593057,23.401261099970256,3.0,1.0
37.872684323832246,70.884728973944,0.5331091128136579,74.34359468594336,44.4394843096952,0.1,19.860369326902852,3.0,1.0
1.309761337779893,9.984815596122974,0.08351861723705538,903.1561916835888,13.086095324000226,3.78254299729185,20.046937225416166,1.0,0.0
7.65626547601425,12.623309841778195,0.1403188230039469,596.0010005975477,15.367249904106272,3.4882316907683886,25.031340410724347,0.0,0.0
